smartworkout_id,smartworkout_zh,smartworkout_en,body_part,equipments,weight_type,laterality,mechanics,tags
01259ee3-bdff-47c4-b7dc-e5283ea89e01,滑动腿弯曲,Sliding Leg Curl,LEGS,BENCH,BODYWEIGHT,BILATERAL,ISOLATION,STRENGTH|MOBILITY|REHAB
019a870f-c75a-96aa-addc-5bc492b68bc8,杠铃颈后肩推举,Barbell Behind Neck Shoulder Press,SHOULDERS,BARBELL,BARBELL,BILATERAL,COMPOUND,STRENGTH|PUSH
01c5867e-2eb7-4f53-8b92-3a021d49cfea,弹力带肱二头肌弯举,Band Biceps Curl,BICEPS,RESISTANCE_BAND,BAND,BILATERAL,ISOLATION,STRENGTH|PULL
01f198ca-a257-4bf8-9f34-24f1f1179376,佐特曼弯举,Zottman Curl,BICEPS,DUMBBELL,DUMBBELL,BILATERAL,ISOLATION,STRENGTH|PULL
02be3155-246f-4620-be93-dbd682d3fbca,摇摆半蛙式拉伸,Rocking Half Frog Stretch,LEGS,,UNWEIGHTED,BILATERAL,ISOLATION,MOBILITY|STRETCH|WARMUP
02e00a0a-3cfc-445d-98b5-04a40b4ed741,屈膝卷腹,Knee Tuck Crunch,ABS,,BODYWEIGHT,BILATERAL,ISOLATION,CORE|STRENGTH
034b85f8-5cf8-4696-9351-f6c4a62f1880,站立胫骨前肌提拉,Standing Tibialis Raise,LEGS,,BODYWEIGHT,BILATERAL,ISOLATION,STRENGTH
03b44dbb-7517-432a-8906-17069ed494b2,安德森深蹲,Anderson Squat,LEGS,BARBELL|RACK,BARBELL,BILATERAL,COMPOUND,STRENGTH|FUNCTIONAL
03d73a15-6288-4c26-922f-dfc877f44128,单腿深蹲,Pistol Squat,LEGS,,BODYWEIGHT,UNILATERAL,COMPOUND,STRENGTH|BALANCE|MOBILITY|FUNCTIONAL
04035dba-efc3-4736-9b1b-bc4fd23d9695,单臂背阔肌下拉,One-Arm Lat Pulldown,BACK,CABLE_MACHINE,MACHINE,UNILATERAL,COMPOUND,STRENGTH|PULL
046c9a3a-c89b-436a-ae57-f042aab8ad16,弹力带肩推举,Band Shoulder Press,SHOULDERS,RESISTANCE_BAND,BAND,BILATERAL,COMPOUND,STRENGTH|PUSH|FUNCTIONAL
048f0d34-855e-4bff-ff32-a2d851a8757d,绳索夹胸,High Low Cable Chest Fly,CHEST,CABLE_MACHINE,MACHINE,BILATERAL,ISOLATION,STRENGTH|PUSH
04bb3bb4-e60d-4122-b1a6-771c2a4a5b59,反向腕屈俯卧撑,Reverse Wrist Push-Up,CHEST,,BODYWEIGHT,BILATERAL,COMPOUND,STRENGTH|MOBILITY|PUSH
04cc2a5a-b69d-4ef3-b6f8-3e6a6115403b,负重引体向上,Weighted Pull-Up,BACK,PULL_UP_BAR|WEIGHT_PLATE,BODYWEIGHT,BILATERAL,COMPOUND,STRENGTH|PULL
05047869-eeb1-4c65-948c-0d85715bacae,杠铃片前平举驱动,Plate Front Raise Drive,SHOULDERS,WEIGHT_PLATE,WEIGHTED,UNILATERAL,COMPOUND,STRENGTH|PUSH
05993bed-9c87-4387-b2ac-e5fc7980152d,窄握EZ杠铃弯举,Close-grip EZ Bar Curl,BICEPS,EZ_BAR,BARBELL,BILATERAL,ISOLATION,STRENGTH|PULL
0637306a-60ac-431c-89eb-f4a747ce6aa8,拜西臂屈伸,Bayesian Cable Curl,BICEPS,CABLE_MACHINE,MACHINE,BILATERAL,ISOLATION,STRENGTH|PULL
06744582-2ff9-4495-bdfb-6d10c13048d4,杠铃绳索弯举,Bar Cable Biceps Curl,BICEPS,CABLE_MACHINE,MACHINE,BILATERAL,ISOLATION,STRENGTH|PULL
06eba846-19b2-4802-88d2-e49c43184e13,负重西西深蹲,Weighted Sissy Squat,LEGS,DUMBBELL|KETTLEBELL|WEIGHT_PLATE,WEIGHTED,BILATERAL,ISOLATION,STRENGTH|BALANCE
0716159e-e991-422d-b4af-f88c38a00119,钻石俯卧撑,Diamond Push-Up,TRICEPS,,BODYWEIGHT,BILATERAL,COMPOUND,STRENGTH|PUSH
07747821-38bb-4522-9f6b-b4ae4abf2282,杠铃地板卧推,Barbell Floor Press,CHEST,BARBELL,BARBELL,BILATERAL,COMPOUND,STRENGTH|PUSH
081d6aee-e878-4d7e-adda-925768ebf2bc,单臂哑铃俯身肩胛骨划船,One-Arm Dumbbell Bent Over Scapula Row,BACK,DUMBBELL,DUMBBELL,UNILATERAL,COMPOUND,STRENGTH|PULL
084947cf-098f-62f2-36b2-41547577e2b8,窄距45度腿举,Narrow Stance 45 Degree Leg Press,LEGS,PLATE_LOADED_MACHINE|SELECTORIZED_MACHINE,MACHINE,BILATERAL,COMPOUND,STRENGTH|PUSH
085cfcf8-548d-44df-8e92-eb9936752382,杠铃提踵,Barbell Calf Raise,LEGS,BARBELL,BARBELL,BILATERAL,ISOLATION,STRENGTH
085df570-92e9-46b5-ad8c-fd6650a4a498,坐姿单腿腘绳肌拉伸,Seated Single Leg Hamstring Stretch,LEGS,,UNWEIGHTED,UNILATERAL,ISOLATION,STRETCH|MOBILITY|WARMUP
08cde7c0-5988-4190-b12b-b0b565d113f6,手臂环绕,Arm Circles,SHOULDERS,,UNWEIGHTED,BILATERAL,ISOLATION,MOBILITY|WARMUP
08ebb48f-60d2-44e9-91f9-930e37b8d841,哑铃仰卧旋前,Dumbbell Lying Pronation,FOREARMS,DUMBBELL,DUMBBELL,BILATERAL,ISOLATION,REHAB
0935adff-a0ca-78d8-32f8-11f0f8d211f8,双杠臂屈伸,Weighted Dips,TRICEPS,DIP_BARS|WEIGHT_PLATE,BODYWEIGHT,BILATERAL,COMPOUND,STRENGTH|PUSH
09836cd3-2e26-4f4f-8147-8be5997661b5,站立式下胸部位绳索推胸,Standing Cable Low Chest Press,CHEST,CABLE_MACHINE,MACHINE,BILATERAL,COMPOUND,STRENGTH|PUSH
09aed7e3-7a9c-4e38-81a6-bb7675692cbf,单臂中立腕哑铃弯举,One-Arm Neutral Wrist Dumbbell Curl,FOREARMS,DUMBBELL,DUMBBELL,UNILATERAL,ISOLATION,STRENGTH
0a75e037-9658-4706-a497-d7efe844e10b,徒手风车式,Bodyweight Windmill,ABS,,UNWEIGHTED,ALTERNATING,COMPOUND,MOBILITY|CORE|BALANCE|FUNCTIONAL
0a7f804c-c8b2-410f-aaf2-596f30494ee9,窄握引体向上,Close Grip Pull Up,BACK,PULL_UP_BAR,BODYWEIGHT,BILATERAL,COMPOUND,STRENGTH|PULL
0ad57432-b306-46f9-a486-635db0a1080c,旋转躯干,Rotary Torso,ABS,PLATE_LOADED_MACHINE|SELECTORIZED_MACHINE,MACHINE,UNILATERAL,ISOLATION,STRENGTH|CORE
0ad70853-bd66-45d1-bfa2-9f57c2c9fd5f,哑铃交替前举,Dumbbell Front Raise,SHOULDERS,DUMBBELL,DUMBBELL,BILATERAL,ISOLATION,STRENGTH|PUSH
0b59dd85-d65d-4e28-bad1-2a74fc204504,哑铃单腿臀桥,Dumbbell Single Leg Hip Thrust,GLUTEUS,DUMBBELL|BENCH,BODYWEIGHT,UNILATERAL,COMPOUND,STRENGTH|BALANCE|FUNCTIONAL
0bc3273a-e419-43f3-a559-fa641860f75c,绳索上斜仰卧臂屈伸,Cable Incline Skull Crusher,TRICEPS,CABLE_MACHINE|BENCH,MACHINE,BILATERAL,ISOLATION,STRENGTH|PUSH
0bcffb2d-f78d-48b8-a3d8-3b49f166a66f,半蹲,Half Squat,LEGS,,BARBELL,BILATERAL,COMPOUND,STRENGTH|FUNCTIONAL
0c179dee-0e67-473f-84ce-02a48a1e0513,跪姿弹力带臀部后踢,Kneeling Resistance Band Glute Kickback,GLUTEUS,RESISTANCE_BAND,BAND,UNILATERAL,ISOLATION,STRENGTH|FUNCTIONAL
0c3e27ed-e95b-7611-a3e8-7dab63585d21,杠铃划船,Barbell Bent Over Row,BACK,BARBELL,BARBELL,BILATERAL,COMPOUND,STRENGTH|PULL
0d4721f5-3941-4356-9666-4f210bb6b314,L型坐姿,L-Sit,ABS,PARALLETTES|DIP_BARS|PULL_UP_BAR,BODYWEIGHT,BILATERAL,ISOLATION,STRENGTH|CORE|ISOMETRIC|BALANCE
0d70c540-52d7-41d0-b32d-448e6d0033ae,弹力带站姿侧弯,Band Standing Side Bend,ABS,RESISTANCE_BAND,BAND,UNILATERAL,ISOLATION,MOBILITY|CORE|BALANCE
0d99097d-9865-470d-823e-a6170baf0631,绳索前平举,Cable Front Raise,SHOULDERS,CABLE_MACHINE,MACHINE,UNILATERAL,ISOLATION,STRENGTH|PUSH
0e833972-04f5-c0d4-c790-2400bfd748ca,坐姿扭转,Sitting Twist,ABS,,BODYWEIGHT,ALTERNATING,ISOLATION,CORE|MOBILITY
0ea2687b-5d78-4041-8ad4-66a6a8848da1,单臂拉力器侧平举,One-Arm Cable Lateral Raise,SHOULDERS,CABLE_MACHINE,MACHINE,UNILATERAL,ISOLATION,STRENGTH
0ec75482-1934-4b86-84d2-46da9a89d67d,水平钢索扭转,Cable Twist (horizontal),ABS,CABLE_MACHINE,MACHINE,ALTERNATING,COMPOUND,STRENGTH|CORE|FUNCTIONAL
0f7bb383-5b6c-4065-8d63-21b9925d37f0,绳索交叉三头肌伸展,Cable Cross Triceps Extension,TRICEPS,CABLE_MACHINE,MACHINE,BILATERAL,ISOLATION,STRENGTH|PUSH
0fb71315-b620-4bef-8192-3ccae70dfa5b,腿部内外收缩,Leg In and Out,ABS,PLATE_LOADED_MACHINE|SELECTORIZED_MACHINE,BODYWEIGHT,BILATERAL,ISOLATION,CORE|MOBILITY|BALANCE
10544e2e-3765-1ba9-b753-c9ccd60b06d4,上斜杠铃卧推,Incline Barbell Bench Press,CHEST,BARBELL|BENCH,BARBELL,BILATERAL,COMPOUND,STRENGTH|PUSH
114ad863-9971-40c3-8108-2a983fe656ae,缺口硬拉,Deficit Deadlift,LEGS,BARBELL|PLYO_BOX,BARBELL,BILATERAL,COMPOUND,STRENGTH|PULL
11abe949-7bce-4971-95c0-f754772ee813,负重下斜卷腹,Weighted Decline Crunch,ABS,WEIGHT_PLATE|BENCH,BODYWEIGHT,BILATERAL,ISOLATION,STRENGTH|CORE
11cbfb54-8f47-47a4-9ff5-8c98188d4015,超人俯卧撑,Superman Push-Up,CHEST,GYMNASTIC_RINGS,BODYWEIGHT,BILATERAL,COMPOUND,STRENGTH|PUSH|CORE
127dc619-8078-4148-907b-e08a49f1676a,哑铃台阶反向弓步,Dumbbell Reverse Lunge off Step,GLUTEUS,DUMBBELL|PLYO_BOX,DUMBBELL,ALTERNATING,COMPOUND,STRENGTH|BALANCE|FUNCTIONAL
12838e78-2632-4e2b-87c9-3926e86a7e1a,哑铃坐姿侧平举,Dumbbell Seated Lateral Raise,SHOULDERS,DUMBBELL,DUMBBELL,BILATERAL,ISOLATION,STRENGTH
12b4858c-6c84-43b4-964d-cfd590ff7958,单臂哑铃腕屈曲,One-Arm Wrist Curl Dumbbell,FOREARMS,DUMBBELL,DUMBBELL,UNILATERAL,ISOLATION,STRENGTH
12c994b1-6251-4d3e-96e6-8186ee6a0afd,负重坐姿提踵,Weighted Seated Calf Raise,LEGS,PLATE_LOADED_MACHINE|SELECTORIZED_MACHINE,WEIGHTED,BILATERAL,ISOLATION,STRENGTH
138862a9-3d34-4aa7-86f0-13e35d16e12f,单臂下拉绳低位划船,One-Arm Cable Low Row,BACK,CABLE_MACHINE,MACHINE,UNILATERAL,COMPOUND,STRENGTH|PULL
13a0a404-a40c-4565-b125-29a3c83a2bd6,坐姿绳索宽握划船,Seated Cable Wide Grip Row,BACK,CABLE_MACHINE,MACHINE,BILATERAL,COMPOUND,STRENGTH|PULL
13cc32dc-dbee-4e85-b1e5-ee7fecdbb845,史密斯椅式深蹲,Smith Chair Squat,LEGS,SMITH_MACHINE,MACHINE,BILATERAL,COMPOUND,STRENGTH
14046b3a-d435-4452-925e-511a8addfffb,悬挂剪刀踢,Hanging Scissors Kicks,ABS,PULL_UP_BAR,BODYWEIGHT,ALTERNATING,ISOLATION,CORE|BALANCE|FUNCTIONAL
142bd4e5-6755-42e2-83ad-cbfcf6388dab,坐姿髋内收,Seated Hip Adduction,LEGS,SELECTORIZED_MACHINE,MACHINE,BILATERAL,ISOLATION,STRENGTH
149f6670-3321-4e86-a231-796f1c26a1a4,腹肌轮滚动,Ab Wheel Rollout,ABS,,BODYWEIGHT,BILATERAL,COMPOUND,STRENGTH|CORE|BALANCE|FUNCTIONAL
15c51d26-076f-4ceb-8702-c15fdf3cb937,韩国式双杠臂屈伸,Korean Dip,CHEST,DIP_BARS,BODYWEIGHT,BILATERAL,COMPOUND,STRENGTH|PUSH
15f450f0-f4f1-4391-b59e-c79cd37956ac,哑铃侧桥,Dumbbell Side Bridge,ABS,DUMBBELL,DUMBBELL,UNILATERAL,COMPOUND,CORE|BALANCE|ISOMETRIC
16e79f27-f9b4-4162-9de2-37fe0dde76d8,反握下拉绳三头肌推压,Triceps Cable Pushdown Reverse Grip,TRICEPS,CABLE_MACHINE,MACHINE,BILATERAL,ISOLATION,STRENGTH|PUSH
17325fc8-61c6-4697-9fe1-17e7ece44254,杠铃限位深蹲,Pin Squat,LEGS,BARBELL|RACK,BARBELL,BILATERAL,COMPOUND,STRENGTH
174978b8-1b92-4700-96d0-98d1835628dd,哑铃蜘蛛弯举,Dumbbell Spider Curl,BICEPS,DUMBBELL,DUMBBELL,UNILATERAL,ISOLATION,STRENGTH|PULL
17d168cd-9745-60f3-f30f-7ec574eaf8a3,杰伊姆卧推,JM Press,TRICEPS,BARBELL|BENCH,BARBELL,BILATERAL,COMPOUND,STRENGTH|PUSH
183cf14a-3214-4b69-8047-c5ddb4fa0f08,站立前屈,Standing Forward Bend,LEGS,,UNWEIGHTED,BILATERAL,ISOLATION,MOBILITY|STRETCH|BALANCE|WARMUP
18610132-0355-4f53-82e5-73fdd3a4450e,弹力带站姿扭转卷腹,Band Standing Twisting Crunches,ABS,RESISTANCE_BAND,BAND,ALTERNATING,ISOLATION,CORE|FUNCTIONAL
187d7214-9b1e-4f2d-b028-f2aebd561d8b,小腿腿举,Calf Leg Press,LEGS,SMITH_MACHINE,MACHINE,BILATERAL,ISOLATION,STRENGTH|PUSH
18d649a8-769d-4722-837f-556903fe81ba,低位滑轮上斜卧推,Low Cable Incline Bench Press,CHEST,CABLE_MACHINE,MACHINE,BILATERAL,COMPOUND,STRENGTH|PUSH
190a6523-03bb-4305-8a19-7ec55b680f15,交叉臂俯卧撑,Cross Arms Push-Up,TRICEPS,,BODYWEIGHT,BILATERAL,COMPOUND,STRENGTH|PUSH|CORE|FUNCTIONAL
19189e1a-aef2-4924-9e8c-ee84c84ed434,仰卧屈膝悬空保持,Hollow Body Hold,ABS,,BODYWEIGHT,BILATERAL,ISOLATION,CORE|ISOMETRIC
19862249-cbd3-4104-bcc0-b5ad1c21bd73,杠铃推举,Barbell Push Press,SHOULDERS,BARBELL,BARBELL,BILATERAL,COMPOUND,STRENGTH|EXPLOSIVE|PUSH
199d1583-7187-407d-b15e-87d74b6fa9d1,站立式钢索胸部推举,Standing Cable Chest Press,CHEST,CABLE_MACHINE,MACHINE,BILATERAL,COMPOUND,STRENGTH|PUSH|FUNCTIONAL
1a6fdebd-5789-415d-9724-bda20c1c846e,横叉平板支撑,Straddle Planche,SHOULDERS,PARALLETTES,BODYWEIGHT,BILATERAL,COMPOUND,STRENGTH|CORE|BALANCE|ISOMETRIC
1a9dfa03-6633-4c8e-830e-1c5928b8c0d7,绳索直臂背阔肌下拉,Rope Straight-Arm Lat Pulldown,BACK,CABLE_MACHINE,MACHINE,BILATERAL,ISOLATION,STRENGTH|PULL
1aebfa21-78be-447d-abc5-366df35d3aef,负重直臂卷腹,Weighted Straight Arm Crunch,ABS,WEIGHT_PLATE,WEIGHTED,BILATERAL,ISOLATION,STRENGTH|CORE
1b067cc9-2501-41fc-97fe-cd35e92c3098,绳索宽握颈后下拉,Cable Wide Grip Behind Neck Pulldown,BACK,CABLE_MACHINE,MACHINE,BILATERAL,COMPOUND,STRENGTH|PULL
1b12da4f-fdea-458c-a3dc-d630bc297639,坐姿古巴推举,Seated Cuban Press,SHOULDERS,DUMBBELL|BENCH,DUMBBELL,BILATERAL,COMPOUND,STRENGTH|PUSH
1bf3fec3-3ec8-48b8-bb5c-7439876c7aab,单臂哑铃肩推,One-Arm Shoulder Press Dumbbell,SHOULDERS,DUMBBELL,DUMBBELL,UNILATERAL,COMPOUND,STRENGTH|PUSH|BALANCE
1dd0ba84-d102-4e5a-ad25-58ebfa8edf9f,抓举,Snatch,LEGS,BARBELL,BARBELL,BILATERAL,COMPOUND,STRENGTH|EXPLOSIVE|BALANCE|FUNCTIONAL
1ded3dfe-6517-40db-909b-dc8b4b64d932,宽握背部引体向上,Wide Grip Rear Pull-Up,BACK,PULL_UP_BAR,BODYWEIGHT,BILATERAL,COMPOUND,STRENGTH|PULL
1f0ed45d-5c7d-7d28-1df8-5dac013c1c38,宽握引体向上,Pull-Up Wide Grip,BACK,PULL_UP_BAR,BODYWEIGHT,BILATERAL,COMPOUND,STRENGTH|PULL|FUNCTIONAL
1f8d0b3c-4924-403e-aea7-4ba4dd085553,固定式自行车,Stacionary Bike,LEGS,,BODYWEIGHT,BILATERAL,COMPOUND,CARDIO|WARMUP
1fac415a-983a-4610-bb36-6c8889314a76,双杠直腿抬高,Straight Leg Raise on Dip Bars,ABS,DIP_BARS,BODYWEIGHT,BILATERAL,ISOLATION,STRENGTH|CORE
1fcb8c2c-1f5c-4623-91b4-5f2f946ade06,仰卧蝴蝶式,Lying Butterfly Pose,LEGS,,UNWEIGHTED,BILATERAL,ISOLATION,MOBILITY|STRETCH
200cb09a-11e5-4a94-a38f-9e0e2bd0096f,坐姿哑铃弯举,Seated Dumbbell Curl,BICEPS,DUMBBELL|BENCH,DUMBBELL,BILATERAL,ISOLATION,STRENGTH|PULL
20890a96-f92a-cfc8-3447-239d273136df,传统硬拉,Deadlift,LEGS,BARBELL,BARBELL,BILATERAL,COMPOUND,STRENGTH|PULL|FUNCTIONAL|CORE
20995c61-3541-47c8-be8d-e1db17c6bffc,拳面俯卧撑,Knuckle Push-Up,CHEST,,BODYWEIGHT,BILATERAL,COMPOUND,STRENGTH|PUSH|BALANCE
20afacad-4d93-423b-8d48-7fd05134b702,单臂拉索前平举,One-Arm Cable Front Raise,SHOULDERS,CABLE_MACHINE,MACHINE,UNILATERAL,ISOLATION,STRENGTH|PUSH
214c92ad-dfe0-40a9-a697-d492de526d44,杠铃台阶上步,Barbell Step-up,LEGS,BARBELL|PLYO_BOX,BARBELL,UNILATERAL,COMPOUND,STRENGTH|BALANCE|FUNCTIONAL
2187784c-77b0-4106-9b6f-cd5938da82b8,单腿哑铃提踵,Single-Leg Calf Raise with Dumbbell,LEGS,DUMBBELL,BODYWEIGHT,UNILATERAL,ISOLATION,STRENGTH|BALANCE
21d66377-bf72-4789-a246-c2e721e7d55c,低杠深蹲,Lowbar Squat,LEGS,BARBELL|RACK,BARBELL,BILATERAL,COMPOUND,STRENGTH|FUNCTIONAL
21fbdca8-4263-4371-97ce-ba441356648c,悬挂划船,Suspension Row,BACK,SUSPENSION_TRAINER,BODYWEIGHT,BILATERAL,COMPOUND,STRENGTH|PULL|FUNCTIONAL
221e8991-90d5-4398-b7df-09a42bc95502,蜘蛛锤式弯举,Spider Hammer Curl,BICEPS,DUMBBELL|BENCH,DUMBBELL,BILATERAL,ISOLATION,STRENGTH|PULL
22223d93-39ce-4efc-a1f9-b008d4506834,绳索跪姿高位下拉飞鸟,Cable Kneeling High To Low Fly,CHEST,CABLE_MACHINE,MACHINE,BILATERAL,ISOLATION,STRENGTH|PUSH
227db3f3-d33f-4f86-b14f-56f32f12d62b,杠铃俯身划船（从支架开始）,Barbell Bent Over Row From Pin,BACK,BARBELL|RACK,BARBELL,BILATERAL,COMPOUND,STRENGTH|PULL
229f5259-a671-48c4-acd0-dd109e3744ab,单臂绳索飞鸟,One-Arm Cable Fly,CHEST,CABLE_MACHINE,MACHINE,UNILATERAL,ISOLATION,STRENGTH|PUSH
2340824d-e207-4561-bdcd-8752070c06da,单臂直臂下拉训练,One-Arm Straight-Arm Cable Lat Pulldown,BACK,CABLE_MACHINE,MACHINE,UNILATERAL,ISOLATION,STRENGTH|PULL
23aaf86c-d27a-4464-88d0-e3f88bb1ba4c,哑铃凯尔索耸肩,Dumbbell Kelso Shrugs,BACK,DUMBBELL|BENCH,DUMBBELL,BILATERAL,ISOLATION,STRENGTH|PULL
23d0b626-14b7-4114-82d6-44e25eb5c551,开合俯卧撑,Jack Push-Up,CHEST,,BODYWEIGHT,BILATERAL,ISOLATION,STRENGTH|PLYOMETRIC|CORE|PUSH
23d2096a-5a0c-41d7-adc2-698c8e8c60e2,器械带式深蹲,Machine Belt Squat,LEGS,PLATE_LOADED_MACHINE|SELECTORIZED_MACHINE,MACHINE,BILATERAL,COMPOUND,STRENGTH
24143ad6-3b55-459f-bdac-b8721dd1e668,EZ杠坐姿反向腕弯举,EZ-Bar Seated Reverse Wrist Curl,FOREARMS,EZ_BAR|BENCH,BARBELL,BILATERAL,ISOLATION,STRENGTH
241b716d-5fcd-42ca-b987-5e78239d4ea2,俯身哑铃侧平举,Bent Over Dumbbell Lateral Raise,SHOULDERS,DUMBBELL,DUMBBELL,BILATERAL,ISOLATION,STRENGTH|PULL
245a9e25-296f-4330-9fb6-82de62ebfaca,单臂胸部支撑划船机,One-Arm Chest Supported Row Machine,BACK,SELECTORIZED_MACHINE,MACHINE,UNILATERAL,COMPOUND,STRENGTH|PULL
245e0727-1c35-4965-aa28-0456d8969828,钢索髋关节外展,Cable Hip Abducction,GLUTEUS,CABLE_MACHINE,MACHINE,UNILATERAL,ISOLATION,STRENGTH|MOBILITY|REHAB|BALANCE
2463cfae-b1dc-4f38-af0a-544002d6fbc2,吊环肌肉向上动作,Ring Muscle Up,BICEPS,GYMNASTIC_RINGS,BODYWEIGHT,BILATERAL,COMPOUND,STRENGTH|PULL|FUNCTIONAL|EXPLOSIVE
247e913a-57cb-f102-d432-77de609ce049,站姿杠铃推举,Barbell Overhead Press,SHOULDERS,BARBELL,BARBELL,BILATERAL,COMPOUND,STRENGTH|PUSH
24c4eb14-d625-4ade-bc50-06e096df5e34,屈膝抱胸伸展,Knee To Chest Stretch,LEGS,,UNWEIGHTED,UNILATERAL,ISOLATION,MOBILITY|STRETCH|WARMUP|REHAB
25157430-0a7c-4079-a00d-51a846790596,力量抓举,Power Clean,LEGS,BARBELL,BARBELL,BILATERAL,COMPOUND,STRENGTH|EXPLOSIVE|FUNCTIONAL
25472b18-efdc-438a-a2c2-ab72994be361,绳索中立握距下拉,Cable Neutral Grip Lat Pulldown,BACK,CABLE_MACHINE,MACHINE,BILATERAL,COMPOUND,STRENGTH|PULL
25cbefe9-8ebb-416a-8d6f-cbef5b14a585,高杠深蹲,High-Bar Squat,LEGS,BARBELL|RACK,BODYWEIGHT,BILATERAL,COMPOUND,STRENGTH|FUNCTIONAL|PUSH
26268881-afd6-445d-9a8b-a149d8dafdaa,单臂哑铃弯举,Single Dumbbell Curl,BICEPS,DUMBBELL,DUMBBELL,UNILATERAL,ISOLATION,STRENGTH|PULL
265b1439-6005-4282-94f7-ab6f63e0e296,上拉下压绳索扭转,Cable Twist (up down),ABS,CABLE_MACHINE,MACHINE,ALTERNATING,COMPOUND,CORE|FUNCTIONAL
2669bea0-d60b-48cf-a188-59349610a9e5,站姿单哑铃法式推举,Standing One Dumbbell French Press,TRICEPS,DUMBBELL,DUMBBELL,BILATERAL,ISOLATION,STRENGTH|PUSH
269cdd48-8c88-44c8-8c76-b6f2123131d0,跪姿窄距俯卧撑,Knee Close Grip Push-Up,TRICEPS,,BODYWEIGHT,BILATERAL,COMPOUND,STRENGTH|PUSH
26f02fe3-fdeb-4e1d-97d4-5c39f4af9c0b,坐姿交替卷腹,Seated Alternate Crunches,ABS,BENCH,UNWEIGHTED,ALTERNATING,ISOLATION,CORE|FUNCTIONAL
27149543-dc50-48eb-86f7-022e7ab1b591,箱式台阶上步,Box step-up,LEGS,PLYO_BOX,BODYWEIGHT,UNILATERAL,COMPOUND,STRENGTH|BALANCE|FUNCTIONAL
272ee53c-baf9-4a84-a909-e7370543dd8a,单臂低位拉索坐姿划船,One-Arm Low Cable Seated Row,BACK,CABLE_MACHINE|BENCH,MACHINE,UNILATERAL,COMPOUND,STRENGTH|PULL
27433624-9149-4eba-b527-9314b99d8a2c,仰卧EZ杠三头肌伸展,Lying EZ-Bar Triceps Extension,TRICEPS,EZ_BAR|BENCH,BARBELL,BILATERAL,ISOLATION,STRENGTH|PUSH
279742a1-3b38-489d-adf0-37a9290271d7,仰卧股四头肌拉伸,Lying Quadriceps Stretch,LEGS,,UNWEIGHTED,UNILATERAL,ISOLATION,STRETCH|MOBILITY|WARMUP
27ad6f30-088f-4665-88f0-9a0778b9d180,窄握史密斯机卧推,Close Grip Smith Bench Press,TRICEPS,SMITH_MACHINE|BENCH,MACHINE,BILATERAL,COMPOUND,STRENGTH|PUSH
2811badd-ff6d-946b-c36f-aae77cd6fa38,杠铃早安式,Barbell Good Morning,GLUTEUS,BARBELL,BARBELL,BILATERAL,COMPOUND,STRENGTH|MOBILITY
28ad1245-c026-45e9-b1db-34c169e6b8c3,正面水平悬垂引体向上,Front Lever Pull-Up,BACK,PULL_UP_BAR,BODYWEIGHT,BILATERAL,COMPOUND,STRENGTH|CORE|PULL|ISOMETRIC
291593e2-7736-4028-9bf2-77192645930b,颈部侧向拉伸,Neck Side Stretch,BACK,,UNWEIGHTED,UNILATERAL,ISOLATION,MOBILITY|STRETCH|WARMUP
293c61e4-0955-4504-a40d-3b671498ad97,哑铃仰握牧师凳弯举,Dumbbell Supinated Preacher Curl,BICEPS,DUMBBELL|BENCH,DUMBBELL,UNILATERAL,ISOLATION,STRENGTH|PULL
29e65c0c-5a3f-48e8-b423-cdbe9fef77fa,杠杆坐姿锤式握肩推举,Lever Seated Hammer Grip Shoulder Press,SHOULDERS,PLATE_LOADED_MACHINE|SELECTORIZED_MACHINE,MACHINE,BILATERAL,COMPOUND,STRENGTH|PUSH
2a1d3932-f562-437a-a7d4-96539dff07a5,沙袋拳击,Punching Bag Boxing,CHEST,,UNWEIGHTED,ALTERNATING,COMPOUND,CARDIO|FUNCTIONAL|EXPLOSIVE
2a7a20b2-edc3-4565-8bdb-e7f56247ee26,悬垂屈膝提胸,Hanging Knee To Chest,ABS,PULL_UP_BAR,BODYWEIGHT,BILATERAL,ISOLATION,CORE|MOBILITY|FUNCTIONAL
2a9fd936-4875-4004-bea8-6f4f78081174,双凳间俯卧撑,Pike Push-Up Between Benches,SHOULDERS,BENCH,BODYWEIGHT,BILATERAL,COMPOUND,STRENGTH|PUSH|BALANCE|FUNCTIONAL
2ade8d6c-c91a-430f-96fc-da1d0f696526,绳索下拉背部肌肉锻炼,Cable Lat Pulldown,BACK,CABLE_MACHINE,MACHINE,BILATERAL,COMPOUND,STRENGTH|PULL
2aeaa882-143a-4f08-96c2-709627e3ae9d,站立下犬式,Standing Downward Dog,CHEST,,UNWEIGHTED,BILATERAL,COMPOUND,MOBILITY|STRETCH|BALANCE|WARMUP
2b8538c5-03b4-4f4f-b178-11dd9b8ad4f3,单臂机器牧师弯举,One-Arm Machine Preacher Curl,BICEPS,SELECTORIZED_MACHINE,MACHINE,UNILATERAL,ISOLATION,STRENGTH|PULL
2b86d658-a0cb-43ce-b782-77e927d3e72c,上斜板腿举,Incline Bench Leg Raises,ABS,BENCH,BODYWEIGHT,BILATERAL,ISOLATION,CORE
2b9833cf-064b-4d42-815b-89c58352179a,迷你弹力带臀桥,Mini Band Glute Bridge,GLUTEUS,RESISTANCE_BAND,BODYWEIGHT,BILATERAL,COMPOUND,STRENGTH|MOBILITY|REHAB|FUNCTIONAL
2c08c473-5a61-4860-ae61-72380ac9d979,深蹲至宽折叠并握脚,Deep Squat to Wide Fold with Foot Hold,LEGS,,UNWEIGHTED,BILATERAL,COMPOUND,MOBILITY|STRETCH|BALANCE|WARMUP
2c5c5e94-5091-4615-820e-ded247f917d6,单臂哑铃旋前,One-Arm Dumbbell Supination,FOREARMS,DUMBBELL,DUMBBELL,UNILATERAL,ISOLATION,REHAB
2cc42ebe-22bc-4b27-9965-6e342ecd4c03,楼梯攀登机,Stair Climber,LEGS,TREADMILL,BODYWEIGHT,ALTERNATING,COMPOUND,CARDIO|FUNCTIONAL
2d2291cc-8340-4667-80db-becf8e594b1b,史密斯机早安式,Smith Machine Good Morning,GLUTEUS,SMITH_MACHINE,MACHINE,BILATERAL,COMPOUND,STRENGTH
2d243c0b-02d2-4e67-8a63-dca09e86b55a,俯身壶铃划船,Bent Over Kettlebell Row,BACK,KETTLEBELL,WEIGHTED,UNILATERAL,COMPOUND,STRENGTH|PULL
2d677a46-52c9-4daa-a391-477823fd68e5,平衡支撑下沉,Planche Dips,CHEST,DIP_BARS,BODYWEIGHT,BILATERAL,COMPOUND,STRENGTH|PUSH|BALANCE
2daa9660-5c47-48b6-aa22-cf6e37b411b1,站立股四头肌拉伸,Standing Quadriceps Stretch,LEGS,,UNWEIGHTED,UNILATERAL,ISOLATION,STRETCH|MOBILITY|BALANCE|WARMUP
2e084eac-88a9-4dfa-bb48-594966e87f7b,上斜窄距俯卧撑,Incline Close Grip Push-Up,TRICEPS,PLYO_BOX,BODYWEIGHT,BILATERAL,COMPOUND,STRENGTH|PUSH
2e5461f9-54c1-426f-a2a5-a8dee9e1b751,龙旗式,Dragon Flag,ABS,BENCH,BODYWEIGHT,BILATERAL,COMPOUND,STRENGTH|CORE|ISOMETRIC
2e701c8a-581a-4505-b4ba-c906102609e0,器械耸肩,Machine Shrugs,BACK,PLATE_LOADED_MACHINE|SELECTORIZED_MACHINE,MACHINE,BILATERAL,ISOLATION,STRENGTH|PULL
2eeb0124-8dd0-4ef4-a089-8ea9f5956d6a,双杠深度俯卧撑,Deep Push Up On Parallel Bars,CHEST,PARALLETTES,BODYWEIGHT,BILATERAL,COMPOUND,STRENGTH|PUSH
2f181b12-c156-48f8-bfb4-efc2ffc650dc,负重仰卧起坐,Weighted Sit Up,ABS,WEIGHT_PLATE|DUMBBELL|KETTLEBELL|MEDICINE_BALL,BODYWEIGHT,BILATERAL,ISOLATION,STRENGTH|CORE
2f4d0681-8859-4795-9266-4028c6e0171f,腿部摆动,Leg Swings,LEGS,,UNWEIGHTED,UNILATERAL,ISOLATION,MOBILITY|WARMUP|BALANCE
2f8af6f8-5cd3-821e-ec81-1314359d9cfc,绳索直立划船,Cable Upright Row,SHOULDERS,CABLE_MACHINE,MACHINE,BILATERAL,COMPOUND,STRENGTH|PULL
2fc473c6-c392-4036-8fa8-fdf760cb65d2,杠铃站立腕屈伸,Barbell Standing Wrist Curl,FOREARMS,BARBELL,BARBELL,BILATERAL,ISOLATION,STRENGTH
305f4776-36d5-45a1-aae9-9671e419c430,EZ杠铃坐姿三头肌伸展,EZ-Bar Seated Triceps Extension,TRICEPS,EZ_BAR|BENCH,BARBELL,BILATERAL,ISOLATION,STRENGTH|PUSH
30fcbd6b-3369-4772-bcfa-05d9b7d52be5,低斜卧哑铃飞鸟,Low Incline Dumbbell Fly,CHEST,DUMBBELL|BENCH,DUMBBELL,BILATERAL,ISOLATION,STRENGTH|PUSH
30fec8f3-59a5-4d4f-9988-972018248c9f,哑铃分腿蹲,Dumbbell Split Squat,LEGS,DUMBBELL,DUMBBELL,UNILATERAL,COMPOUND,STRENGTH|BALANCE|FUNCTIONAL
31e7bf28-4c5d-4833-ae1f-069bcb913bbc,药球俄罗斯转体,Med Ball Russian twist,ABS,MEDICINE_BALL,WEIGHTED,ALTERNATING,COMPOUND,CORE|BALANCE|FUNCTIONAL
325e9215-4fa0-4fe6-b368-cf1ea2827d5b,杠铃相扑深蹲,Barbell Sumo Squat,LEGS,BARBELL,BODYWEIGHT,BILATERAL,COMPOUND,STRENGTH|FUNCTIONAL
32e2dcf3-923f-4aea-a276-a4c2f9236d43,单臂俯卧撑,One-Arm Push-Up,CHEST,,BODYWEIGHT,UNILATERAL,COMPOUND,STRENGTH|CORE|BALANCE|FUNCTIONAL|PUSH
332334b6-3d1e-4eec-be3b-3fcf6b297ca7,侧平举转前平举,Lateral to Front Raise,SHOULDERS,DUMBBELL,BODYWEIGHT,BILATERAL,ISOLATION,STRENGTH|FUNCTIONAL
337e4449-47d4-4482-9bed-47404f889db7,宽握距胸部支撑划船,Wide Grip Chest Supported Row,BACK,PLATE_LOADED_MACHINE|SELECTORIZED_MACHINE,MACHINE,BILATERAL,COMPOUND,STRENGTH|PULL
3453606c-f6b9-48b0-ac7e-c98595957a41,弹力带帕洛夫抗旋转推举,Band Pallof Press,ABS,RESISTANCE_BAND,BAND,UNILATERAL,ISOLATION,CORE|FUNCTIONAL
35cd3180-abe9-417b-aebb-816d8ff6392a,前脚抬高分腿蹲,Split Squat Front Foot Elevated,LEGS,PLYO_BOX,BODYWEIGHT,UNILATERAL,COMPOUND,STRENGTH|BALANCE|FUNCTIONAL
35d975b5-dfd2-4bc1-b3f6-6cae96604d4a,大猩猩划船,Gorilla Row,BACK,DUMBBELL,DUMBBELL,BILATERAL,COMPOUND,STRENGTH|PULL
35fe1fbc-aff9-4328-b105-c648d3e38a1b,保加利亚包行走弓步,Bulgarian Bag Walking Lunges,LEGS,,WEIGHTED,ALTERNATING,COMPOUND,STRENGTH|BALANCE|FUNCTIONAL
36aff52a-c857-736a-ba6a-ccde6027fd61,哑铃上斜T字提拉,Dumbbell Incline T Raise,SHOULDERS,DUMBBELL|BENCH,DUMBBELL,BILATERAL,ISOLATION,STRENGTH|MOBILITY|BALANCE|FUNCTIONAL
37f5a2d4-b453-4971-a504-90d55d0933f6,弹力带俯身背阔肌下拉,Band Bent Over Lat Pulldown,BACK,RESISTANCE_BAND,BAND,BILATERAL,COMPOUND,STRENGTH|PULL
37fdb10c-13ce-4832-8730-0efc5dbb0eb2,弹力带俄罗斯转体,Band Russian Twist,ABS,RESISTANCE_BAND,BAND,ALTERNATING,COMPOUND,CORE|BALANCE|FUNCTIONAL
38577caa-6c93-4a6f-bb44-57a8b7f92de9,宽距腿举,Leg Press Wide Stance,LEGS,PLATE_LOADED_MACHINE|SELECTORIZED_MACHINE,MACHINE,BILATERAL,COMPOUND,STRENGTH|PUSH
38709d78-13c4-45d5-ac56-b42c86866412,曲杆牧师凳弯举,EZ-Bar Preacher Curl,BICEPS,EZ_BAR,BARBELL,BILATERAL,ISOLATION,STRENGTH|PULL
38938cf9-f0b8-4894-9393-ce7ed9a4e28e,坐姿弹力带髋外展,Seated Band Hip Abduction,GLUTEUS,RESISTANCE_BAND|BENCH,BAND,BILATERAL,ISOLATION,STRENGTH|MOBILITY|REHAB
38c5072e-3103-4399-8006-ae63d52110e5,跪姿后踢腿,Donkey Kick,GLUTEUS,,BODYWEIGHT,UNILATERAL,ISOLATION,STRENGTH|MOBILITY|FUNCTIONAL
3a1fc73a-3f12-43bb-8f88-5e5b0d1443b8,滚动足部,Roll Foot,LEGS,,UNWEIGHTED,BILATERAL,ISOLATION,MOBILITY|REHAB|WARMUP
3a5a9586-380f-4bfa-aa70-429003734604,眼镜蛇俯卧撑,Cobra Push-Up,TRICEPS,,BODYWEIGHT,BILATERAL,COMPOUND,STRENGTH|MOBILITY|PUSH
3ac761ff-672b-488c-bd22-3ded2b757e13,绳索仰握面拉,Cable Supinated Face Pull,SHOULDERS,CABLE_MACHINE,MACHINE,BILATERAL,COMPOUND,STRENGTH|PULL|REHAB|FUNCTIONAL
3ae8ee86-534c-0824-07b6-e9f105b97c1d,俯卧腿弯举,Seated Leg Curl,LEGS,PLATE_LOADED_MACHINE,MACHINE,BILATERAL,ISOLATION,STRENGTH
3ba44e8d-8718-47f1-ba5f-1fd046cbb7b0,悬挂倒置划船,Suspension Inverted Row,BACK,SUSPENSION_TRAINER,BODYWEIGHT,BILATERAL,COMPOUND,STRENGTH|PULL|FUNCTIONAL
3ba7a9b4-88ba-4390-9593-de658b6668e6,哑铃古巴旋转,Dumbbell Cuban Rotation,SHOULDERS,DUMBBELL,DUMBBELL,UNILATERAL,ISOLATION,STRENGTH|MOBILITY|REHAB|WARMUP
3be9dd6e-2749-aa93-a291-4cc48ad59b28,北欧腘绳肌弯曲,Nordic Hamstring Curl,LEGS,ASSISTED_MACHINE,UNWEIGHTED,BILATERAL,ISOLATION,STRENGTH|REHAB|FUNCTIONAL
3c0abf43-2156-49b3-b86b-556e1837f59f,弹力带站立卷腹,Band Standing Crunches,ABS,RESISTANCE_BAND,BAND,BILATERAL,ISOLATION,CORE|FUNCTIONAL
3c28f1b2-7cb3-4c6a-9d73-64730de893e6,坐姿面拉,Seated Face Pull,SHOULDERS,CABLE_MACHINE|BENCH,MACHINE,BILATERAL,COMPOUND,STRENGTH|PULL|REHAB|FUNCTIONAL
3c8b1675-4705-4572-9855-3ee077946aa3,壶铃头部环绕旋转,Kettlebell Around the Head Rotation,SHOULDERS,KETTLEBELL,WEIGHTED,UNILATERAL,COMPOUND,MOBILITY|BALANCE|FUNCTIONAL|WARMUP
3dbb26db-032a-435d-9e0b-98c587fd4568,史密斯机臀部后踢,Smith Machibe Glute Kickback,LEGS,SMITH_MACHINE,MACHINE,UNILATERAL,COMPOUND,STRENGTH
3eade03a-3fd3-4a80-bb11-8e8391ca9732,泰特推举,Tate Press,TRICEPS,DUMBBELL|BENCH,DUMBBELL,BILATERAL,ISOLATION,STRENGTH|PUSH
3ed15c03-1804-4a10-a975-43e21e7cb3d1,阻力带髋内收,Resistance Band Hip Adduction,LEGS,RESISTANCE_BAND,BAND,UNILATERAL,ISOLATION,STRENGTH|MOBILITY|REHAB|FUNCTIONAL
3efa8afc-e9ac-41a7-82af-6dccefc96e33,过头三头肌拉伸,Overhead Triceps Stretch,TRICEPS,,UNWEIGHTED,UNILATERAL,ISOLATION,STRETCH|MOBILITY|WARMUP
3f1cfc8c-a3e9-49db-b3d3-319d72fad15a,直杆双杠臂屈伸,Straight Bar Dips,CHEST,PULL_UP_BAR,BODYWEIGHT,BILATERAL,COMPOUND,STRENGTH|PUSH
3f273f1e-db4b-6f02-e083-92cb6227f20a,坐姿提踵,Seated Calf Raise,LEGS,PLATE_LOADED_MACHINE,MACHINE,BILATERAL,ISOLATION,STRENGTH
3f65c493-34ba-40ed-9098-b9ffc5e506b2,哑铃深蹲,Dumbbell Squat,LEGS,DUMBBELL,DUMBBELL,BILATERAL,COMPOUND,STRENGTH|FUNCTIONAL
4050cda9-d73a-4b37-a97e-3beaa3615d2f,前脚抬高分腿蹲,Split Squat Front Foot Elevated,GLUTEUS,BARBELL|PLYO_BOX,BARBELL,UNILATERAL,COMPOUND,STRENGTH|BALANCE|FUNCTIONAL
4054edee-6167-40a5-b385-59e588bb451d,站立腿弯举,Standing Leg Curl,LEGS,PLATE_LOADED_MACHINE|SELECTORIZED_MACHINE,MACHINE,UNILATERAL,ISOLATION,STRENGTH
41162b76-a99a-4188-88c3-7fd27abc78ce,肩胛骨俯卧撑,Scapula Push-Up,CHEST,,BODYWEIGHT,BILATERAL,ISOLATION,MOBILITY|REHAB|WARMUP|PUSH
412d4c49-4c4f-49c4-9d24-9cdd176000fa,绳索跪姿侧向卷腹,Cable Kneeling Side Crunch,ABS,CABLE_MACHINE,MACHINE,UNILATERAL,ISOLATION,CORE
41662ae6-2248-41f7-a3fe-b870534c3fad,负重凳上臂屈伸,Weighted Bench Dips,TRICEPS,BENCH|WEIGHT_PLATE,BODYWEIGHT,BILATERAL,COMPOUND,STRENGTH|PUSH
418cf18f-68ac-4314-a2bd-036487e78a2e,单臂低位飞鸟哑铃,One-Arm Low Fly Dumbbell,CHEST,DUMBBELL,DUMBBELL,UNILATERAL,ISOLATION,STRENGTH|PUSH
41af656c-31a9-495d-8d86-2582e07f0ac8,窄握上斜哑铃卧推,Close Grip Incline Dumbbell Bench Press,TRICEPS,DUMBBELL|BENCH,DUMBBELL,BILATERAL,COMPOUND,STRENGTH|PUSH
4241390f-1594-40a6-b067-f30b53b5b364,终末膝关节伸展,Terminal Knee Extension,LEGS,RESISTANCE_BAND,BAND,UNILATERAL,ISOLATION,REHAB|MOBILITY|FUNCTIONAL
427c150b-3c0d-4010-9476-0787cfc84514,单臂武士刀三头肌过顶伸展,One-Arm Katana Triceps Overhead Extension,TRICEPS,CABLE_MACHINE,MACHINE,UNILATERAL,ISOLATION,STRENGTH|PUSH
427c3808-4df4-4b0f-803b-de87e130a135,史密斯机保加利亚深蹲,Bulgarian Squat Smith,LEGS,SMITH_MACHINE,MACHINE,UNILATERAL,COMPOUND,STRENGTH|BALANCE
430f3cd3-934c-496d-b4e0-40daceb5c166,单腿推举,Single Leg Press,LEGS,PLATE_LOADED_MACHINE|SELECTORIZED_MACHINE,MACHINE,UNILATERAL,COMPOUND,STRENGTH|PUSH|BALANCE
431ad34e-e714-4ef2-9f2f-b629359da2ff,器械腹部卷曲,Machine Abdominal Crunches,ABS,SELECTORIZED_MACHINE,MACHINE,BILATERAL,ISOLATION,STRENGTH|CORE
442206c2-d2f1-413e-a73f-52b5dd819eb1,史密斯机臀推,Hip Thrust Smith Machine,GLUTEUS,SMITH_MACHINE|BENCH,MACHINE,BILATERAL,COMPOUND,STRENGTH
4479b851-d92c-4da6-b9b2-885f86680832,跳绳,Jump Rope,LEGS,,BODYWEIGHT,BILATERAL,COMPOUND,PLYOMETRIC|CARDIO|BALANCE|WARMUP
44a352b9-c532-4743-a47f-0d38aed169d2,窄握哑铃卧推,Close Grip Dumbbell Press,CHEST,DUMBBELL|BENCH,DUMBBELL,BILATERAL,COMPOUND,STRENGTH|PUSH
44cde330-b5c8-1792-add2-adadcd806b55,仰卧杠铃臂屈伸,Lying Barbell Triceps Extension (Skullcrusher),TRICEPS,BARBELL|BENCH,BARBELL,BILATERAL,ISOLATION,STRENGTH|PUSH
456473b0-442a-434b-8e07-b1a71872b489,站姿哑铃肩推,Standing Dumbbell Shoulder Press,SHOULDERS,DUMBBELL,DUMBBELL,BILATERAL,COMPOUND,STRENGTH|PUSH
45b2f349-b237-4a59-95e5-dca57f979930,绳索中位胸部飞鸟,Cable Middle Chest Fly,CHEST,CABLE_MACHINE,MACHINE,BILATERAL,ISOLATION,STRENGTH|PUSH
45be866e-26ae-4be7-9d53-bb0a0d7e5d19,双哑铃牧师凳弯举,Double Dumbbell Preacher Curl,BICEPS,DUMBBELL|BENCH,DUMBBELL,BILATERAL,ISOLATION,STRENGTH|PULL
45c3ad61-7849-4169-9f03-de68c12aa4b9,单腿罗马尼亚硬拉,Single Leg Romanian Deadlift,GLUTEUS,DUMBBELL|KETTLEBELL|BARBELL,DUMBBELL,UNILATERAL,COMPOUND,STRENGTH|BALANCE|FUNCTIONAL
46527a53-629e-4e6c-b4f4-986143756493,仰卧绳索面拉,Lying Cable Face Pull,SHOULDERS,CABLE_MACHINE|BENCH,MACHINE,BILATERAL,ISOLATION,STRENGTH|PULL|REHAB|FUNCTIONAL
465a9a4a-e854-4dba-be5b-51394c186eeb,仰卧交替屈膝卷腹,Bicycle Crunches,ABS,,BODYWEIGHT,ALTERNATING,ISOLATION,CORE|FUNCTIONAL
47129c4d-735d-42da-897a-6346b2ec80ca,吊环三头肌伸展,Ring Triceps Extension,TRICEPS,GYMNASTIC_RINGS,UNWEIGHTED,BILATERAL,COMPOUND,STRENGTH|PUSH|FUNCTIONAL
47582674-26cc-49c2-a66f-06655b49ab34,跑步机爬坡,Treadmill Climbing,LEGS,TREADMILL,UNWEIGHTED,ALTERNATING,COMPOUND,CARDIO|MOTOR|FUNCTIONAL
47842d2f-f208-4c29-ad46-f54b54963d06,全平板支撑,Full Planche,SHOULDERS,PARALLETTES,BODYWEIGHT,BILATERAL,COMPOUND,STRENGTH|CORE|BALANCE|ISOMETRIC|PUSH
4786d67b-4ca5-40b9-8d97-488d60317e6a,哑铃上斜锤式弯举,Dumbbell Incline Hammer Curl,BICEPS,DUMBBELL|BENCH,DUMBBELL,BILATERAL,ISOLATION,STRENGTH|PULL
47978a95-b7a5-4dcc-8034-9d301551f22c,斯文德推举,Svend Press,CHEST,WEIGHT_PLATE,WEIGHTED,BILATERAL,ISOLATION,STRENGTH|PUSH
4867c4b9-6939-4a7f-ba29-282550b7c7e6,T杠划船,T-Bar Bent Over Row,BACK,BARBELL|LANDMINE,MACHINE,BILATERAL,COMPOUND,STRENGTH|PULL
48d72616-f5df-4299-b159-93112687ec01,剪刀式,Scissors,ABS,,BODYWEIGHT,BILATERAL,ISOLATION,CORE|MOBILITY|BALANCE
492742c2-2f9d-403c-8212-3323acb46df2,平地俯卧撑,Planche Push-Up,TRICEPS,PARALLETTES,BODYWEIGHT,BILATERAL,COMPOUND,STRENGTH|CORE|BALANCE|FUNCTIONAL|PUSH
49297ec3-9ee7-444c-b83f-74be529eda62,上斜凳哑铃宽划船,Incline Bench Dumbbell Wide Row,BACK,DUMBBELL|BENCH,DUMBBELL,BILATERAL,COMPOUND,STRENGTH|PULL
49447a3b-1edb-5947-76e0-1a67e587cee5,前蹲舉,Front Squat,LEGS,BARBELL|RACK,BARBELL,BILATERAL,COMPOUND,STRENGTH|FUNCTIONAL
49d5a7b1-678a-4e88-848b-a6468864bf2d,杠铃背后耸肩,Barbell Shrug Behind The Back,BACK,BARBELL,BARBELL,BILATERAL,ISOLATION,STRENGTH|PULL
4a5f1411-75cd-4485-bbcb-d408f76f0a93,弓步拉伸,Lunge Stretch,LEGS,,UNWEIGHTED,UNILATERAL,COMPOUND,MOBILITY|STRETCH|BALANCE|WARMUP
4ad778f6-7416-4755-a17a-5449201a0360,绳索下蹲弯举,Cable Squatting Curl,BICEPS,CABLE_MACHINE|BENCH,MACHINE,BILATERAL,ISOLATION,STRENGTH|PULL
4ad95020-4064-49c7-9048-b4f69f1f36bc,单臂绳索肱二头肌弯举,One-Arm Cable Biceps Curl,BICEPS,CABLE_MACHINE,MACHINE,UNILATERAL,ISOLATION,STRENGTH|PULL
4ba860b1-2e76-45b6-8023-c386bc56e65d,器械下拉,Machine Pullover,BACK,PLATE_LOADED_MACHINE|SELECTORIZED_MACHINE,MACHINE,BILATERAL,ISOLATION,STRENGTH|PULL
4c567ffb-4d07-417a-8142-f9d67088079e,90度到90度拉伸,90 To 90 Stretch,LEGS,,UNWEIGHTED,BILATERAL,ISOLATION,MOBILITY|STRETCH|WARMUP
4c88201a-d81c-4c88-b0e2-9b58a5f2e0b1,哑铃站立腕屈伸,Dumbbell Standing Wrist Curl,FOREARMS,DUMBBELL,DUMBBELL,BILATERAL,ISOLATION,STRENGTH
4cb4b1c0-7e5d-e804-d5ef-0fbe23f53914,背屈伸,Weighted Back Extension,GLUTEUS,WEIGHT_PLATE,BODYWEIGHT,BILATERAL,ISOLATION,STRENGTH|CORE
4eb45701-1c6d-46b7-a427-24f80a43837c,地面哑铃卧推,Floor Dumbbell Press,CHEST,DUMBBELL,DUMBBELL,BILATERAL,COMPOUND,STRENGTH|PUSH
4ec535de-1f4a-451a-9dc5-dab2920b51f4,坐姿四字伸展,Seated Figure 4 Stretch,GLUTEUS,,UNWEIGHTED,UNILATERAL,ISOLATION,MOBILITY|STRETCH|REHAB|WARMUP
4f000517-83d7-4c0c-81b3-1af736e0f91c,弹力带站立平衡臀肌后踢,Band Standing Balance Glute Kickback,GLUTEUS,RESISTANCE_BAND,BAND,UNILATERAL,ISOLATION,FUNCTIONAL|STRENGTH
4ff906b4-b05c-4e2b-b20b-b55d2a60321a,药球砸地,Medicine Ball Slam,SHOULDERS,MEDICINE_BALL,WEIGHTED,BILATERAL,COMPOUND,PLYOMETRIC|EXPLOSIVE|CARDIO|FUNCTIONAL
50c17111-7979-4354-85cc-62df98b2d62a,杠铃台阶后弓步,Barbell Rear Lunge On Step,GLUTEUS,BARBELL|PLYO_BOX,BARBELL,ALTERNATING,COMPOUND,STRENGTH|BALANCE|FUNCTIONAL
5170255c-cc48-41b6-9b26-a72669deab44,低位滑轮水平帕洛夫推举,Low Cable Horizontal Pallof Press,ABS,CABLE_MACHINE,MACHINE,UNILATERAL,ISOLATION,STRENGTH|CORE|FUNCTIONAL|PUSH
51cf698f-c598-4ac3-aa5f-d397fe4e4d69,单臂拉索交叉身体三头肌伸展,One-Arm Cable Cross Body Triceps Extension,TRICEPS,CABLE_MACHINE,MACHINE,UNILATERAL,ISOLATION,STRENGTH|PUSH
51e27022-23d5-4196-aa85-a3b2f1c213b4,悬垂屈膝触肘,Hanging Knees to Elbows,ABS,PULL_UP_BAR,BODYWEIGHT,BILATERAL,COMPOUND,STRENGTH|CORE|FUNCTIONAL
51e5cf00-61bf-4289-bfc9-8551dac4e91c,负重仰卧交替抬腿,Weighted Dead Bug,ABS,WEIGHT_PLATE,WEIGHTED,BILATERAL,ISOLATION,CORE|STRENGTH|FUNCTIONAL
51f6c2dd-f5ef-49ed-b10c-8538ac8330ac,坐姿四字伸展,Figure 4 Stretch on Chair,GLUTEUS,,UNWEIGHTED,UNILATERAL,ISOLATION,MOBILITY|STRETCH|REHAB|BALANCE
532b36c4-7a06-47c9-8264-0fa7b9a4e39e,下斜俯卧撑,Decline Push-Up,CHEST,PLYO_BOX|BENCH,BODYWEIGHT,BILATERAL,COMPOUND,STRENGTH|PUSH|CORE
5476b9ee-ef6e-4e87-a52e-753e5901bb39,TRX 二头肌弯举,TRX Biceps Curl,BICEPS,SUSPENSION_TRAINER,BODYWEIGHT,BILATERAL,ISOLATION,STRENGTH|PULL|FUNCTIONAL
5526faf0-d734-42c9-a045-50b31aecd615,下犬式,Downward Dog,LEGS,,UNWEIGHTED,BILATERAL,COMPOUND,MOBILITY|STRETCH|BALANCE|WARMUP
5574c68f-61a7-4dd5-beb3-f89fb4c4942f,健身球卷腹,Stability Ball Crunch,ABS,,BODYWEIGHT,BILATERAL,ISOLATION,CORE|BALANCE
55772f28-ccb6-4f43-9293-5a63501271b7,腕部俯卧撑,Wrist Push-Up,FOREARMS,,BODYWEIGHT,BILATERAL,COMPOUND,STRENGTH|MOBILITY|BALANCE|FUNCTIONAL
55c465c9-b72e-4a61-b8ed-d3f8502e0b79,波利昆台阶上步,Poliquin Step-Up,LEGS,DUMBBELL|PLYO_BOX,WEIGHTED,UNILATERAL,COMPOUND,BALANCE|FUNCTIONAL|REHAB
56c729a9-e650-4668-bd71-47eae8fc9efa,椅间俯卧撑,Pike Push-Up Between Chairs,SHOULDERS,,BODYWEIGHT,BILATERAL,COMPOUND,STRENGTH|BALANCE|PUSH
56e8e606-ddaa-48e9-98b5-1216ddf751ce,跪姿弹力带腹部卷曲,Kneeling Band Abs Crunches,ABS,RESISTANCE_BAND,BAND,BILATERAL,ISOLATION,CORE|FUNCTIONAL
56f2585b-203d-4be6-9957-c52bcd9e4d73,杠铃站立扭转,Barbell Standing Twist,ABS,BARBELL,BARBELL,BILATERAL,ISOLATION,CORE|MOBILITY|FUNCTIONAL
57463e1d-1b6c-49c0-afa9-258a626a5b3b,仰卧起坐,Sit Up,ABS,,UNWEIGHTED,BILATERAL,ISOLATION,CORE
57512f6d-595f-47a5-ba01-9a8e8dfca5a6,高抬腿跳跃触膝,Hopping High Knee Tap,LEGS,,UNWEIGHTED,ALTERNATING,COMPOUND,PLYOMETRIC|CARDIO|BALANCE|EXPLOSIVE|WARMUP
57ffa56b-3279-4b97-b660-5bd91ff26f1f,仰卧直腿抬高,Lying Stright Leg Raise,ABS,,BODYWEIGHT,BILATERAL,ISOLATION,CORE
5847de4c-699f-4a50-a7a8-3815f8ddaf49,面拉,Cable Face Pull,SHOULDERS,CABLE_MACHINE,MACHINE,BILATERAL,COMPOUND,STRENGTH|PULL|REHAB|FUNCTIONAL
591883dc-8fce-4307-a13c-a767d15dcab8,器械仰卧卷腹,Machine Lying Crunch,ABS,PLATE_LOADED_MACHINE|SELECTORIZED_MACHINE,UNWEIGHTED,BILATERAL,ISOLATION,CORE
5993086a-9f98-4a7f-9ff8-c870fa693f68,鸟狗俯卧撑,Bird Dog Push-Up,TRICEPS,,BODYWEIGHT,ALTERNATING,COMPOUND,STRENGTH|CORE|BALANCE|FUNCTIONAL|PUSH
59c152a9-7463-4c6d-888b-4a989399242e,侧板式髋外展,Side Plank Hip Abduction,GLUTEUS,,BODYWEIGHT,UNILATERAL,COMPOUND,STRENGTH|CORE|BALANCE
59c89f64-4dd9-4590-b70b-4dfc1d395407,T杠胸部支撑划船,T-Bar Chest Suported Row,BACK,PLATE_LOADED_MACHINE,MACHINE,BILATERAL,COMPOUND,STRENGTH|PULL
5a4288af-d6e5-1b30-d668-4a6e3b55b399,杠铃宽握立姿划船,Barbell Wide Grip Upright Row,SHOULDERS,BARBELL,BARBELL,BILATERAL,COMPOUND,STRENGTH|PULL
5b2bdea5-ceee-a837-596c-fd2f6138ffff,坐姿哑铃推举,Seated Dumbbell Shoulder Press,SHOULDERS,DUMBBELL,DUMBBELL,BILATERAL,COMPOUND,STRENGTH|PUSH
5b2ee265-06ea-46a9-8011-a1e875e8eb64,单臂壶铃摆动,One-Arm Kettlebell Swing,LEGS,KETTLEBELL,BODYWEIGHT,UNILATERAL,COMPOUND,STRENGTH|EXPLOSIVE|CARDIO|BALANCE|FUNCTIONAL
5b5ad96b-a5d1-a271-9b57-aa0dfda9d77b,宽握引体向上,Wide Grip Lat Pulldown,BACK,CABLE_MACHINE,MACHINE,BILATERAL,COMPOUND,STRENGTH|PULL
5ba385ff-a1f8-44d4-b3a9-f988d2a3ea75,单腿硬拉,Single-Leg Deadlift,LEGS,DUMBBELL|KETTLEBELL|BARBELL,BARBELL,UNILATERAL,COMPOUND,STRENGTH|BALANCE|FUNCTIONAL
5bd74809-7a6d-4265-80f1-fc20144a7ebb,单腿提踵,Single-Leg Calf Raise,LEGS,,BODYWEIGHT,UNILATERAL,ISOLATION,STRENGTH|BALANCE|FUNCTIONAL
5bf3ca9d-6d66-49eb-be24-2fcb61b9bda5,半跪姿股四头肌拉伸,Half Kneeling Quad Stretch,LEGS,,UNWEIGHTED,UNILATERAL,ISOLATION,MOBILITY|STRETCH|WARMUP
5bf96492-da9d-4c59-a664-61f5091dae04,吊环屈膝前屈,Ring Pike,ABS,GYMNASTIC_RINGS,BODYWEIGHT,BILATERAL,ISOLATION,CORE|BALANCE|FUNCTIONAL
5c3a0532-fe85-4225-8791-64b252bd4d40,健身球仰卧抬腿,Dead Bug with Ball,ABS,MEDICINE_BALL,WEIGHTED,BILATERAL,COMPOUND,CORE|MOTOR|FUNCTIONAL
5cd4a725-e9e7-4677-a24a-1b83ce5da740,曲杆杠铃肱二头肌弯举,EZ-Bar Biceps Curl,BICEPS,EZ_BAR,BARBELL,BILATERAL,ISOLATION,STRENGTH|PULL
5d175483-a70f-418a-8ee1-b4434087df4e,哑铃海豹划船,Dumbbell Seal Row,BACK,DUMBBELL|BENCH,DUMBBELL,BILATERAL,COMPOUND,STRENGTH|PULL
5d37f2ea-3a34-4db1-94ae-476306b7222e,窄距俯卧撑,Close Grip Push-Up,TRICEPS,,BODYWEIGHT,BILATERAL,COMPOUND,STRENGTH|PUSH
5d3e85c7-ad6f-4fa9-8b63-984f13c3b1ac,弹力带锤式弯举,Band Hammer Curl,BICEPS,RESISTANCE_BAND,BAND,BILATERAL,ISOLATION,STRENGTH|PULL
5d581dce-e35e-45cc-94eb-f9bb8103a455,史密斯卧推,Smith Bench Press,CHEST,SMITH_MACHINE|BENCH,MACHINE,BILATERAL,COMPOUND,STRENGTH|PUSH
5d7f0882-cb58-4a57-8a64-9c59fb4f81be,旋转小腿提踵,Rotary Calf Raise,LEGS,SELECTORIZED_MACHINE,MACHINE,BILATERAL,ISOLATION,STRENGTH
5df2c7d2-f24b-4fd4-a358-6155858b088e,哑铃箭步蹲,Barbell Walking Lunges,LEGS,BARBELL,BARBELL,ALTERNATING,COMPOUND,STRENGTH|BALANCE|FUNCTIONAL
5e119ca8-0a32-4a06-bf8c-37940087361d,哑铃拉森卧推,Dumbbell Larsen Press,CHEST,DUMBBELL|BENCH,DUMBBELL,BILATERAL,COMPOUND,STRENGTH|PUSH
5e34780b-d33a-4637-bd4c-2b282149bad7,悬垂屈膝触肘腰部,Hanging Knees to Elbows Waist,ABS,PULL_UP_BAR,BODYWEIGHT,BILATERAL,COMPOUND,STRENGTH|CORE
5e41d753-27dc-4af1-852f-1ae2eda678c6,哑铃跳跃,Dumbbell Jump,LEGS,DUMBBELL,WEIGHTED,BILATERAL,COMPOUND,PLYOMETRIC|EXPLOSIVE|BALANCE
5e5e5c5f-0e1d-4827-b76d-c2f87d4ac410,蛙式平板支撑,Frog Planche,TRICEPS,PARALLETTES,BODYWEIGHT,BILATERAL,COMPOUND,STRENGTH|CORE|BALANCE|ISOMETRIC
5ee2a3f3-0b7a-7527-b3ee-d7d87664862b,器械反向飞鸟,Machine Reverse Flyes,SHOULDERS,PLATE_LOADED_MACHINE|SELECTORIZED_MACHINE,MACHINE,BILATERAL,ISOLATION,STRENGTH|PULL
5ee4154e-6595-4f89-92bf-b36ad01d149f,杠铃站姿背部腕屈伸,Barbell Standing Back Wrist Curl,FOREARMS,BARBELL,BARBELL,BILATERAL,ISOLATION,STRENGTH
5ef57127-8673-4d29-a362-fdce93cd48f0,杠铃俯卧斜板弯举,Barbell Prone Incline Curl,BICEPS,BARBELL|BENCH,BARBELL,BILATERAL,ISOLATION,STRENGTH|PULL
5f734d43-2eda-4fff-9399-f99a195b6ab3,负重俯卧撑,Negative Push-Up,CHEST,,BODYWEIGHT,BILATERAL,COMPOUND,STRENGTH|PUSH
5fb31854-bd36-4046-a30f-8e80462af9a1,箱式跳跃,Box Jumps,LEGS,PLYO_BOX,BODYWEIGHT,BILATERAL,COMPOUND,PLYOMETRIC|EXPLOSIVE|BALANCE|FUNCTIONAL|CARDIO
603caf54-423d-4715-89ac-d1b4b499107a,单臂地雷杠站姿肩推,One-Arm Landmine Standing Shoulder Press,SHOULDERS,LANDMINE,BARBELL,UNILATERAL,COMPOUND,STRENGTH|PUSH|BALANCE|FUNCTIONAL
61242c0e-4fdf-4e41-a4c8-f94caa17f568,史密斯机哈克深蹲,Smith Hack Squat,LEGS,SMITH_MACHINE,MACHINE,BILATERAL,COMPOUND,STRENGTH|PUSH
618813bd-86d3-4bed-9881-5d03342d37ae,坐姿反向圆周卷腹,Seated Reverse Circle Crunches,ABS,BENCH,BODYWEIGHT,BILATERAL,ISOLATION,CORE|STRENGTH
61e81b56-9baa-4959-9cd1-12103a45cd58,哑铃地板胸部飞鸟,Dumbbell Floor Chest Fly,CHEST,DUMBBELL,DUMBBELL,BILATERAL,ISOLATION,STRENGTH|PUSH
61fb6b76-1d67-48f8-abba-bca2c60db1f9,哑铃耸肩,Dumbbell Shoulder Shrugs,BACK,DUMBBELL,DUMBBELL,BILATERAL,ISOLATION,STRENGTH
6215e01e-da84-4349-8967-2169e082f469,单腿坐姿小腿肌训练机提踵,Single Leg Seated Calf Machine Raise,LEGS,PLATE_LOADED_MACHINE|SELECTORIZED_MACHINE,MACHINE,UNILATERAL,ISOLATION,STRENGTH
62d8e1ae-e1fa-44f0-a2f0-8ad732d30942,哑铃半跪姿肩推,Dumbbell Half Kneeling Shoulder Press,SHOULDERS,DUMBBELL,DUMBBELL,UNILATERAL,COMPOUND,STRENGTH|BALANCE|PUSH
62df860b-c893-4883-a66c-9b7be6a6bd63,杠铃上拉,Barbell Pullover,CHEST,BARBELL|BENCH,BARBELL,BILATERAL,COMPOUND,STRENGTH|PULL
642e9efb-4dc4-41a7-8e84-56dcea274c86,悬垂式力量抓举,Hang Power Clean,LEGS,BARBELL,BARBELL,BILATERAL,COMPOUND,STRENGTH|EXPLOSIVE|FUNCTIONAL
6548ec6b-8ab8-4866-8b80-e2b412937051,蝴蝶机胸部飞鸟,Pec Deck Chest Fly,CHEST,SELECTORIZED_MACHINE,MACHINE,BILATERAL,ISOLATION,STRENGTH|PUSH
65500534-b8d9-4aee-a841-28b69a12cf58,锤式握法哑铃卧推,Hammer Grip Dumbbell Bench Press,CHEST,DUMBBELL|BENCH,DUMBBELL,BILATERAL,COMPOUND,STRENGTH|PUSH
65cd4e80-8f47-4aba-9ca5-0a12185359b8,臂炮二头肌哑铃弯举,Arm Blaster Biceps Dumbbell Curl,BICEPS,DUMBBELL,DUMBBELL,UNILATERAL,ISOLATION,STRENGTH|PULL
65e0d493-ff1c-4492-a82a-109167974678,半跪姿肩部哑铃推举,Half Kneeling Shoulder Dumbbell Press,SHOULDERS,DUMBBELL,DUMBBELL,BILATERAL,COMPOUND,STRENGTH|BALANCE|PUSH|FUNCTIONAL
66560c14-c119-4d53-b8ad-d075f2ccea2c,绳索臀部后踢,Glute Cable Kickback,GLUTEUS,CABLE_MACHINE,MACHINE,UNILATERAL,ISOLATION,STRENGTH|FUNCTIONAL
6683712d-bac9-4c1d-907d-d2df12e60ee1,L型引体向上,L Pull-Up,BACK,PULL_UP_BAR,BODYWEIGHT,BILATERAL,COMPOUND,STRENGTH|CORE|PULL
66a6068b-f1aa-40b8-9f56-0359cc0573b1,坐姿哑铃耸肩,Seated Dumbbell Shrugs,BACK,DUMBBELL|BENCH,DUMBBELL,BILATERAL,ISOLATION,STRENGTH
67388acd-390f-4322-b88b-ea5aa75a5ee4,站立侧面背阔肌拉伸,Standing Side Lat Stretch,BACK,,BODYWEIGHT,UNILATERAL,ISOLATION,MOBILITY|STRETCH|WARMUP
679a7c5d-76aa-4c2e-b43e-8e8915db63f7,行走弓步蹲,Walking Lunges,LEGS,DUMBBELL,BODYWEIGHT,ALTERNATING,COMPOUND,STRENGTH|BALANCE|FUNCTIONAL
67f6aae7-5674-4e6e-9b39-1e4a0c956e5c,环绕拉动,Pull Around,BACK,CABLE_MACHINE,MACHINE,BILATERAL,COMPOUND,STRENGTH|PULL
67fa769c-8cc6-497a-b27e-5355bc085b3c,V字仰卧起坐,V-Up,ABS,,BODYWEIGHT,BILATERAL,ISOLATION,CORE|BALANCE
68152684-1e2f-1ffb-39dc-fd1c741f63ac,杠铃窄握立划船,Barbell Narrow Grip Upright Row,SHOULDERS,BARBELL,BARBELL,BILATERAL,COMPOUND,STRENGTH|PULL
684999fc-af89-42cf-b915-97599db440b7,弹力带水平扭转,Band Twist (horizontal),ABS,RESISTANCE_BAND,BAND,ALTERNATING,COMPOUND,CORE|MOBILITY|FUNCTIONAL
688d35de-f0ac-4a44-99e8-149ab5be3fa9,双杠臂屈伸,Dips,TRICEPS,DIP_BARS,BODYWEIGHT,BILATERAL,COMPOUND,STRENGTH|PUSH
68978b20-90bd-479a-98b4-311164673268,三头肌俯卧撑,Triceps Push-Up,TRICEPS,,BODYWEIGHT,BILATERAL,COMPOUND,STRENGTH|PUSH|FUNCTIONAL
68fd5792-ddb1-4b46-8842-3cd11b0d7e8b,哑铃波利昆推举,Dumbbell Poliquin Press,CHEST,DUMBBELL|BENCH,DUMBBELL,BILATERAL,COMPOUND,STRENGTH|PUSH
6910eb66-b93d-4fbe-a3ac-a50d9152ddbb,杠铃哈克深蹲,Barbell Hack Squat,LEGS,BARBELL,BARBELL,BILATERAL,COMPOUND,STRENGTH|PUSH
691ccaf0-29e9-433a-a849-f27b306b9bea,史密斯机分腿蹲,Smith Split Squat,LEGS,SMITH_MACHINE,MACHINE,UNILATERAL,COMPOUND,STRENGTH
69711e18-790f-475f-a845-29932f24c730,抓举拉高,Snatch Pull,LEGS,BARBELL,BARBELL,BILATERAL,COMPOUND,STRENGTH|EXPLOSIVE|PULL
69e26a9b-29bd-c232-8614-7985c1a70c15,下斜杠铃卧推,Decline Barbell Bench Press,CHEST,BARBELL|BENCH|RACK,BARBELL,BILATERAL,COMPOUND,STRENGTH|PUSH
6a4145f4-8ef2-43f7-a9e9-51159327623e,绳索提博多划船,Cable Thibaudeau Kayak Row,BACK,CABLE_MACHINE,MACHINE,UNILATERAL,COMPOUND,STRENGTH|PULL
6ae119ae-5a82-47d2-b0c1-dc5a0ca91403,坐姿绳索飞鸟,Seated Cable Fly,CHEST,CABLE_MACHINE|BENCH,MACHINE,BILATERAL,ISOLATION,STRENGTH|PUSH
6b210054-5434-1bf3-923e-62e137c41216,哑铃锤式弯举,Dumbbell Hammer Curl,BICEPS,DUMBBELL,DUMBBELL,BILATERAL,ISOLATION,STRENGTH|PULL
6b58e142-6ce7-4492-ac4f-197bd74ab148,单臂地雷管俯身划船,One-Arm Landmine Bent Over Row,BACK,LANDMINE,BARBELL,UNILATERAL,COMPOUND,STRENGTH|PULL
6b71cec6-7d3c-403f-bc1c-ed0787207ebe,哑铃哥萨克深蹲,Dumbbell Cossack Squat,LEGS,DUMBBELL,BODYWEIGHT,UNILATERAL,COMPOUND,STRENGTH|MOBILITY|BALANCE|FUNCTIONAL
6c607284-0e60-4b4f-a656-9cafb87f4a9d,弹力带仰卧腿弯举,Band Lying Leg Curl,LEGS,RESISTANCE_BAND|BENCH,BAND,BILATERAL,ISOLATION,STRENGTH|REHAB
6d2a3622-980f-4d8f-aa00-852652cdd1d5,弹力带肩部穿越,Band Pass Through Shoulders,SHOULDERS,RESISTANCE_BAND,UNWEIGHTED,BILATERAL,COMPOUND,MOBILITY|STRETCH|WARMUP
6d3741e2-2457-4505-a63c-324dc272d77c,弹力带卧推,Band Bench Chest Press,CHEST,RESISTANCE_BAND|BENCH,BAND,BILATERAL,COMPOUND,STRENGTH|PUSH|FUNCTIONAL
6d64b5dc-526f-40aa-ae4b-64fa40a41047,单臂反握三头肌下拉,One-Arm Reverse Grip Triceps Cable Pushdown,TRICEPS,CABLE_MACHINE,MACHINE,UNILATERAL,ISOLATION,STRENGTH|PUSH
6dd46aa0-9539-260b-8885-77d56241439b,哑铃箭步蹲,Dumbbell Walking Lunges,LEGS,DUMBBELL,DUMBBELL,ALTERNATING,COMPOUND,STRENGTH|BALANCE|FUNCTIONAL
6ded7b8d-f4db-421f-bc3e-827bd7c9df81,杠铃架拉举,Barbell Rack Pull,LEGS,BARBELL|RACK,BARBELL,BILATERAL,COMPOUND,STRENGTH|PULL
6e2c5d5f-0653-497d-a8a8-938d4a667686,单臂三头肌下拉,One-Arm Triceps Cable Pushdown,TRICEPS,CABLE_MACHINE,MACHINE,UNILATERAL,ISOLATION,STRENGTH|PUSH
6ecd75f3-0bf2-457e-a994-63b52cea84ce,V字仰卧起坐,V-Sit Crunch,ABS,,BODYWEIGHT,BILATERAL,ISOLATION,CORE|BALANCE
6ee19894-3651-9c16-fdd7-39bfe1c755af,直腿硬舉,Barbell Straight Leg Deadlift,LEGS,BARBELL,BARBELL,BILATERAL,COMPOUND,STRENGTH|PULL
6f1920ff-322b-43c3-8f4f-901be5cd3679,单臂钢索半跪姿背阔肌下拉,One-Arm Cable Half-Kneeling Lat Pulldown,BACK,CABLE_MACHINE,MACHINE,UNILATERAL,COMPOUND,STRENGTH|PULL|FUNCTIONAL
6f35ebb5-d31e-1ab7-310f-25b8cada0293,杠铃弯举,Biceps Barbell Curl,BICEPS,BARBELL,BARBELL,BILATERAL,ISOLATION,STRENGTH|PULL
6f6e176e-fe86-4e95-be39-55fb09d9fb5a,脚趾触杠,Toes To Bar,ABS,PULL_UP_BAR,BODYWEIGHT,BILATERAL,COMPOUND,CORE|FUNCTIONAL
6f75f48b-6a78-4882-b193-20e1e63f1df8,上斜中立握哑铃卧推,Incline Neutral Grip Dumbbell Press,CHEST,DUMBBELL|BENCH,DUMBBELL,BILATERAL,COMPOUND,STRENGTH|PUSH
6f9c1398-a069-4318-92b1-7233ff9f0fe7,单臂弹力带跪姿背阔肌下拉,One-Arm Band Kneeling Lat Pulldown,BACK,RESISTANCE_BAND|BENCH,BAND,UNILATERAL,COMPOUND,STRENGTH|PULL
70322856-de83-4f89-b6ab-71c40159d7ed,负重斧劈式,Weighted Woodchopper,SHOULDERS,DUMBBELL|KETTLEBELL|MEDICINE_BALL|WEIGHT_PLATE|CABLE_MACHINE|LANDMINE,WEIGHTED,UNILATERAL,COMPOUND,STRENGTH|CORE|FUNCTIONAL
7049688f-6c75-454f-80a7-28b0a805c6b4,反握澳式引体向上,Australian Pull-Up Underhand Grip,BACK,PULL_UP_BAR,BODYWEIGHT,BILATERAL,COMPOUND,STRENGTH|PULL|FUNCTIONAL
706acd4f-c5f6-4aa7-95d2-af551214e447,高位滑轮过头三头肌伸展,High Pulley Overhead Triceps Extension,TRICEPS,CABLE_MACHINE,MACHINE,BILATERAL,ISOLATION,STRENGTH|PUSH
7074ca94-a20d-cfa8-7702-b59e4bd31ab9,哑铃直立划船,Dumbbell Upright Row,SHOULDERS,DUMBBELL,DUMBBELL,BILATERAL,COMPOUND,STRENGTH|PULL
70a233fc-676d-41bf-9d12-17acba3e004e,跪姿环形俯卧撑,Kneeling Ring Push-Up,CHEST,GYMNASTIC_RINGS,BODYWEIGHT,BILATERAL,COMPOUND,STRENGTH|PUSH|FUNCTIONAL
70b49da7-8fba-4c5e-bdf2-6035e72a2411,杠杆低位划船,Lever Low Row,BACK,PLATE_LOADED_MACHINE|SELECTORIZED_MACHINE,MACHINE,BILATERAL,COMPOUND,STRENGTH|PULL
70ff9832-f356-4c83-91b7-aec7d55babe8,绳索高位三头肌伸展,Cable Overhead Triceps Extension,TRICEPS,CABLE_MACHINE,MACHINE,BILATERAL,ISOLATION,STRENGTH|PUSH
71054169-cf36-c810-dca5-4413fe9a1327,哑铃弯举,Dumbbell Alternate Supinated Curl,BICEPS,DUMBBELL,DUMBBELL,ALTERNATING,ISOLATION,STRENGTH|PULL
7132a06f-eea5-4cc1-bbf2-885b384c639c,杠铃推举深蹲,Barbell Thruster,LEGS,BARBELL,BARBELL,BILATERAL,COMPOUND,STRENGTH|EXPLOSIVE|PUSH|FUNCTIONAL|CARDIO
71f484d7-0e4d-4251-9000-85b2f1e51435,中立握引体向上,Pull-Up Neutral Grip,BACK,PULL_UP_BAR,BODYWEIGHT,BILATERAL,COMPOUND,STRENGTH|PULL|FUNCTIONAL
720a8f79-75aa-4d96-ae21-e94b863d7990,仰卧交叉侧向钢索飞鸟,Lying Cross Lateral Cable Fly,SHOULDERS,CABLE_MACHINE|BENCH,MACHINE,BILATERAL,ISOLATION,STRENGTH|PUSH
7292151f-5551-45bd-a5ca-512ce6ca2683,站立式空中自行车,Standing Air Bike,ABS,,UNWEIGHTED,ALTERNATING,COMPOUND,CORE|CARDIO|FUNCTIONAL
72a1cffa-0b27-4294-a558-d4f0580deb58,弹力带胸部飞鸟,Band Chest Fly,CHEST,RESISTANCE_BAND,BAND,BILATERAL,ISOLATION,STRENGTH|PUSH|FUNCTIONAL
73178ef7-4fe8-47df-9cb0-991d33cc66bf,俯卧游泳者,Prone Swimmer,BACK,,BODYWEIGHT,BILATERAL,COMPOUND,MOBILITY|CORE|FUNCTIONAL|WARMUP
73240447-5323-4b6d-99ce-cffbffb19a07,负重平板支撑,Weighted Plank,ABS,WEIGHT_PLATE,WEIGHTED,BILATERAL,COMPOUND,STRENGTH|CORE|ISOMETRIC
73517ab1-d5d8-4918-a526-df763e16cef7,站立提踵,Standing Calf Raise,LEGS,PLATE_LOADED_MACHINE|SELECTORIZED_MACHINE,BODYWEIGHT,BILATERAL,ISOLATION,STRENGTH|BALANCE
7359f05e-8b81-449d-a741-8a1199116860,空中自行车,Air Bike,ABS,,BODYWEIGHT,ALTERNATING,COMPOUND,CARDIO|CORE|FUNCTIONAL
73928937-811c-4f7a-967e-517e9ea509d9,下斜拉索胸部推举,Decline Cable Chest Press,CHEST,CABLE_MACHINE|BENCH,MACHINE,BILATERAL,COMPOUND,STRENGTH|PUSH
73fe2fc2-e53c-4fbc-b137-1d02540c56ee,弹力带热身动态肩部拉伸,Band Warm-Up Dynamic Shoulder Stretch,CHEST,RESISTANCE_BAND,UNWEIGHTED,BILATERAL,ISOLATION,MOBILITY|STRETCH|WARMUP
7405282a-c2f6-480a-bf83-5c97dc70cb99,静态前支撑,Static Front Hold,SHOULDERS,DUMBBELL|KETTLEBELL|WEIGHT_PLATE|MEDICINE_BALL,BARBELL,BILATERAL,ISOLATION,CORE|ISOMETRIC|BALANCE
741a7466-96b2-4538-af13-15f45eed1ab7,登山者运动,Mountain climber,ABS,,BODYWEIGHT,ALTERNATING,COMPOUND,PLYOMETRIC|CORE|CARDIO|FUNCTIONAL|WARMUP
748a1a5b-cbb1-48b0-96bd-7558f332cb48,负重臀桥,Weighted Glute Bridge,GLUTEUS,BARBELL|WEIGHT_PLATE|BENCH,BODYWEIGHT,BILATERAL,ISOLATION,STRENGTH|CORE
74f431ee-7721-4f2e-808b-2c8bd51dc916,壶铃挺举,Kettlebell Clean and Jerk,SHOULDERS,KETTLEBELL,WEIGHTED,UNILATERAL,COMPOUND,STRENGTH|EXPLOSIVE|FUNCTIONAL
757ae740-c2ef-4a8d-9199-fd48ea06dcc9,坐姿拜西安绳索弯举,Bayesian Cable Curl Seated,BICEPS,CABLE_MACHINE|BENCH,MACHINE,BILATERAL,ISOLATION,STRENGTH|PULL
759db4cc-b963-4f53-b512-aadcfe301c4f,史密斯机肩耸,Smith Shoulder Shrug,BACK,SMITH_MACHINE,BODYWEIGHT,BILATERAL,ISOLATION,STRENGTH
759f1cc2-ab13-43ea-81b2-3ad0d361be37,悬挂式胸部飞鸟,Suspension Chest Fly,CHEST,SUSPENSION_TRAINER,BODYWEIGHT,BILATERAL,ISOLATION,STRENGTH|FUNCTIONAL|PUSH
75add5d1-1906-4d70-b23a-998b632ce324,双杠耸肩,Dip Shrugs,BACK,DIP_BARS,BODYWEIGHT,BILATERAL,COMPOUND,STRENGTH|PUSH
75c7819c-7c7d-4c96-b9c2-aa45e20c4956,雪橇推车,Prowler Sled,LEGS,SLED,WEIGHTED,BILATERAL,COMPOUND,STRENGTH|CARDIO|FUNCTIONAL|PUSH
75f8962c-e6d5-43d3-be0f-aa9b7ba645d6,踢拳术,Kickboxing,LEGS,,BODYWEIGHT,ALTERNATING,COMPOUND,CARDIO|BALANCE|FUNCTIONAL
763906d6-42c5-7f93-c42a-553bdcf8d6f2,胸部支撑器械划船,Chest Supported Machine Row,BACK,PLATE_LOADED_MACHINE,MACHINE,BILATERAL,COMPOUND,STRENGTH|PULL
765217dc-7f1f-4c1e-b4d3-2c195d7a696c,船长椅直腿抬高,Capitan's Chair Straight Leg Raises,ABS,DIP_BARS,BODYWEIGHT,BILATERAL,ISOLATION,STRENGTH|CORE
76623fa9-5a18-4819-8412-a286f0846ae2,上斜扭转仰卧起坐,Incline Twisting Sit Up,ABS,BENCH,UNWEIGHTED,ALTERNATING,ISOLATION,CORE|STRENGTH
769f188b-41a3-40e4-aec4-f5980417e786,坐姿锤式弯举,Seated Hammer Curl,BICEPS,DUMBBELL|BENCH,DUMBBELL,BILATERAL,ISOLATION,STRENGTH|PULL
76a20735-d6c9-7b27-c19e-6c2cf4a40bad,哑铃交替锤式前平举,Dumbbell Alternate Hammer Front Raise,SHOULDERS,DUMBBELL,DUMBBELL,ALTERNATING,ISOLATION,STRENGTH
773ab473-077f-4ddb-baae-fff41adeb0f0,弹力带颈后下拉,Band Pulldown Behind Neck,BACK,RESISTANCE_BAND,BAND,BILATERAL,COMPOUND,STRENGTH|PULL|MOBILITY
774184ce-93a6-4250-910c-ffcca26e601f,斯波托卧推,Spoto Press,CHEST,BARBELL|BENCH,BARBELL,BILATERAL,COMPOUND,STRENGTH|PUSH
77542def-76bd-40e3-a5af-4340f0672611,单臂牧师凳锤式弯举,One-Arm Preacher Hammer Curl,BICEPS,DUMBBELL|BENCH,DUMBBELL,UNILATERAL,ISOLATION,STRENGTH|PULL
77e949b2-df71-4560-b72c-f79eaa7966dc,坐姿肩外旋,Seated Shoulder External Rotation,SHOULDERS,DUMBBELL|BENCH,DUMBBELL,UNILATERAL,ISOLATION,REHAB|MOBILITY
781a637f-61a2-4fd9-adf6-2578f7bc1f45,杠铃链条卧推,Barbell Bench Press with Chains,CHEST,BARBELL,BARBELL,BILATERAL,COMPOUND,STRENGTH|PUSH
7829c099-6ac4-4eb6-81a4-f6f182f0eafa,哑铃俯身臂屈伸,One-Arm Dumbbell Seated Kickback,TRICEPS,DUMBBELL,DUMBBELL,UNILATERAL,ISOLATION,STRENGTH|PULL
78395663-8332-42cc-8aa7-d87f474bdb10,负重引体向上,Weighted Chin Up,BICEPS,PULL_UP_BAR|WEIGHT_PLATE,BODYWEIGHT,BILATERAL,COMPOUND,STRENGTH|PULL
78659ec5-a814-4734-9e3d-ee3e784b71b3,史密斯机小腿提踵,Smith Calf Raises,LEGS,SMITH_MACHINE,MACHINE,BILATERAL,ISOLATION,STRENGTH
789d1358-a903-4173-a4e0-986c8c2bc045,腕部滚轮,Wrist Roller,FOREARMS,WEIGHT_PLATE,WEIGHTED,BILATERAL,ISOLATION,STRENGTH
78a5c836-05ea-496a-80f5-382bf6405b91,跪姿背部旋转拉伸,Kneeling Back Rotation Stretch,CHEST,,UNWEIGHTED,BILATERAL,ISOLATION,MOBILITY|STRETCH|WARMUP
78f3c17f-0146-4bf6-a8f1-a45843f99ba3,肩倒立式,Shoulderstand Pose,ABS,,UNWEIGHTED,BILATERAL,ISOLATION,BALANCE|CORE|ISOMETRIC
793e9f35-ce3c-4d2d-87b8-5b6955ac5279,侧卧髋外展,Side Lying Hip Abduction,GLUTEUS,BENCH,BODYWEIGHT,UNILATERAL,ISOLATION,STRENGTH|MOBILITY|REHAB
79b4b650-53d9-4e87-8bd8-7143d3f7802d,悬垂屈膝画圈,Hanging Knee Circles,ABS,PULL_UP_BAR,BODYWEIGHT,BILATERAL,COMPOUND,MOBILITY|CORE|FUNCTIONAL
79e5f9db-193b-4458-8422-d444fa75336a,曲杆三头肌下压,EZ-Bar Tricep Pushdown,TRICEPS,EZ_BAR|CABLE_MACHINE,MACHINE,BILATERAL,ISOLATION,STRENGTH|PUSH
7a4f1acb-f378-4229-8a37-e7f72ae6d3cd,杠铃盘转体,Plate Bus Driver,SHOULDERS,WEIGHT_PLATE,WEIGHTED,BILATERAL,ISOLATION,CORE|FUNCTIONAL|MOBILITY
7a939762-896c-461e-ad6a-88e7be837e7b,六角杠铃硬拉,Trap Bar Deadlift,LEGS,TRAP_BAR|WEIGHT_PLATE,BARBELL,BILATERAL,COMPOUND,STRENGTH|FUNCTIONAL
7ae2d1b0-a634-4374-86e8-a8c48f77e1ee,靠墙静蹲,Wall Sit,LEGS,,BODYWEIGHT,BILATERAL,ISOLATION,STRENGTH|ISOMETRIC
7bb5b691-348a-4763-ba60-2ec25faf3965,杠铃臀桥,Barbell Glute Bridge,GLUTEUS,BARBELL,BARBELL,BILATERAL,COMPOUND,STRENGTH|FUNCTIONAL
7bdabdd2-8124-40d5-92b7-6038a087bc9b,高脚杯深蹲,Goblet Squat,LEGS,DUMBBELL|KETTLEBELL,UNWEIGHTED,BILATERAL,COMPOUND,STRENGTH|MOBILITY|FUNCTIONAL|REHAB
7be164bf-92d9-4808-bbf4-2aa207d17205,单臂哑铃上斜卧推,One-Arm Dumbbell Incline Bench Press,CHEST,DUMBBELL|BENCH,DUMBBELL,UNILATERAL,COMPOUND,STRENGTH|PUSH
7c3c787d-e438-4f50-bde7-cc5843f84fdd,坐姿三头肌凳上屈臂撑,Seated Triceps Bench Dip,TRICEPS,BENCH,UNWEIGHTED,BILATERAL,COMPOUND,STRENGTH|PUSH
7cb4fd38-5ca9-4d65-a5df-f8a0b3288fbc,吊环引体向上,Rings Pull-Up,BACK,GYMNASTIC_RINGS,BODYWEIGHT,BILATERAL,COMPOUND,STRENGTH|PULL|FUNCTIONAL
7cd5b83e-c3b4-4198-9279-01a3a3df4f18,侧弓步蹲,Side Lunges,LEGS,,UNWEIGHTED,UNILATERAL,COMPOUND,STRENGTH|MOBILITY|BALANCE|FUNCTIONAL
7cf8467c-4519-487c-b41e-7d874d7d3a8f,杠铃分腿蹲,Barbell Split Squat,LEGS,BARBELL,BARBELL,UNILATERAL,COMPOUND,STRENGTH|BALANCE|FUNCTIONAL
7d9e0403-7208-47e8-9488-b1bc85cb9bce,青蛙卷腹,Frog Crunch,ABS,,BODYWEIGHT,BILATERAL,ISOLATION,CORE
7e2b3c1c-97db-405e-b9ca-e6ebdc5db673,海豹划船,Seal Row,BACK,BARBELL|BENCH,BARBELL,BILATERAL,COMPOUND,STRENGTH|PULL
7eafba6a-d96a-4484-bc61-a6b44d2fcdeb,分腿蹲,Split Squat,LEGS,BARBELL,BODYWEIGHT,UNILATERAL,COMPOUND,STRENGTH|BALANCE|FUNCTIONAL
7f462663-6e61-4769-b6e7-348881f9965d,壶铃后弓步,Kettlebell Rear Lunge,LEGS,KETTLEBELL,WEIGHTED,UNILATERAL,COMPOUND,STRENGTH|BALANCE|FUNCTIONAL
7f6833fb-34c3-4b13-bb42-61b8524a5c09,吊环面拉,Ring Face Pull,SHOULDERS,GYMNASTIC_RINGS,BODYWEIGHT,BILATERAL,ISOLATION,STRENGTH|PULL|REHAB|FUNCTIONAL
7f9f4a82-47b4-4aea-9cc5-1eb32ecd4bd2,相扑硬拉,Sumo Deadlift,GLUTEUS,BARBELL|WEIGHT_PLATE,BARBELL,BILATERAL,COMPOUND,STRENGTH|PULL|FUNCTIONAL
8008ee41-c9d1-42a3-8ea5-773f9f954230,EZ杠坐姿腕屈伸,EZ-Bar Seated Wrist Curl,FOREARMS,EZ_BAR|BENCH,BARBELL,BILATERAL,ISOLATION,STRENGTH
806178d3-cc6d-4295-8263-a21ea9be34b7,悬垂举腿至杠铃,Hanging Leg Raise To Bar,ABS,PULL_UP_BAR,BODYWEIGHT,BILATERAL,COMPOUND,STRENGTH|CORE
8081a73c-ad4d-48a6-830a-d94b5c4148bc,哑铃高脚杯深蹲,Dumbbell Goblet Squat,LEGS,DUMBBELL,DUMBBELL,BILATERAL,COMPOUND,STRENGTH|FUNCTIONAL
80d1410f-b7b0-4bb1-83f5-9fd2ea4b29f2,杠铃拉森卧推,Barbell Larsen Press,CHEST,BARBELL|BENCH,BARBELL,BILATERAL,COMPOUND,STRENGTH|PUSH
80fd9286-0d64-becd-c2c2-83742b0c3974,上斜哑铃飞鸟,Incline Dumbbell Chest Fly,CHEST,DUMBBELL|BENCH,DUMBBELL,BILATERAL,ISOLATION,STRENGTH|PUSH
81a7dd83-e98c-405e-89b6-f9390fa16bb8,鸽子式,Pigeon Pose,GLUTEUS,,UNWEIGHTED,UNILATERAL,ISOLATION,MOBILITY|STRETCH|REHAB
81c28cab-ffcc-44f7-8869-7e0979e5a145,哑铃单腿臀桥,Dumbbell Single Leg Hip Thrust,GLUTEUS,DUMBBELL|BENCH,BODYWEIGHT,UNILATERAL,COMPOUND,STRENGTH|BALANCE|FUNCTIONAL
82026f2f-2c3a-4a96-81ec-95cab56fd8fc,吊环臂屈伸,Ring Dips,TRICEPS,GYMNASTIC_RINGS,BODYWEIGHT,BILATERAL,COMPOUND,STRENGTH|PUSH|FUNCTIONAL
8213817c-7777-4373-bbf6-654fac9db202,哑铃直腿硬拉,Dumbbell Straight Leg Deadlift,LEGS,DUMBBELL,DUMBBELL,BILATERAL,COMPOUND,STRENGTH|MOBILITY|BALANCE
8266ca36-8fae-4fa4-bebb-8c38a0301ac6,站姿宽握杠铃弯举,Wide Grip Standing Barbell Curl,BICEPS,BARBELL,BARBELL,BILATERAL,ISOLATION,STRENGTH|PULL
829f1936-4f5c-489f-a084-39bcba74332e,负重哥萨克深蹲,Weighted Cossack Squat,LEGS,DUMBBELL,WEIGHTED,UNILATERAL,COMPOUND,STRENGTH|MOBILITY|BALANCE|FUNCTIONAL
82a44bb7-594b-4b02-a196-2b05fce65bf4,哑铃拖拉弯举,Dumbbell Drag Curl,BICEPS,DUMBBELL,DUMBBELL,BILATERAL,ISOLATION,STRENGTH|PULL
833d7f7c-e6ab-4796-97c7-17ebb035d33d,下斜卧推,Decline Chest Press,CHEST,PLATE_LOADED_MACHINE|SELECTORIZED_MACHINE,MACHINE,BILATERAL,COMPOUND,STRENGTH|PUSH
835d99fc-dcdb-38f2-ca92-48e87ba6f5b1,啞鈴二頭彎舉,Dumbbell Biceps Curl,BICEPS,DUMBBELL,DUMBBELL,UNILATERAL,ISOLATION,STRENGTH|PULL
83d39870-dd41-c0dc-5115-5067cb98c3dc,哑铃仰卧三头肌伸展,Dumbbell Lying Triceps Extension,TRICEPS,DUMBBELL|BENCH,DUMBBELL,UNILATERAL,ISOLATION,STRENGTH|PUSH
844fd563-697e-4abc-974f-5894f3c1d657,臀肌滚动,Glutes Roll,GLUTEUS,,UNWEIGHTED,BILATERAL,ISOLATION,MOBILITY|STRETCH|REHAB
845e552e-35b7-8fd4-8ecb-6c03874085cd,史密斯坐姿颈后推举,Smith Seated Behind Neck Press,SHOULDERS,SMITH_MACHINE,MACHINE,BILATERAL,COMPOUND,STRENGTH|PUSH
84622a26-9bac-4a4e-a6cc-fa52c220dd43,悬挂三头肌伸展,Suspension Triceps Extension,TRICEPS,SUSPENSION_TRAINER,BODYWEIGHT,BILATERAL,ISOLATION,STRENGTH|PUSH|FUNCTIONAL
84cbac23-7756-4eb3-9363-cbb2f6347d8a,上斜坡尔抬举,Incline Powell Raise,SHOULDERS,DUMBBELL|BENCH,DUMBBELL,UNILATERAL,ISOLATION,STRENGTH|PULL
850e7678-377e-475c-81d9-1f4f8c22d5a0,哑铃侧弓步,Dumbbell Side Lunges,LEGS,DUMBBELL,DUMBBELL,UNILATERAL,COMPOUND,STRENGTH|MOBILITY|BALANCE|FUNCTIONAL
85666015-efc0-4b27-bae5-5dbb6fefc5eb,站立古巴推举,Standing Cuban Press,SHOULDERS,DUMBBELL,DUMBBELL,BILATERAL,COMPOUND,STRENGTH|MOBILITY|PUSH
858eb1d3-8e27-4fc0-8582-5b70e37b4864,世界最佳拉伸,World’s Greatest Stretch,CHEST,,UNWEIGHTED,UNILATERAL,COMPOUND,MOBILITY|STRETCH|WARMUP|FUNCTIONAL
85a22cf8-07b5-424a-bef6-637d9c5761dc,交替俯卧撑划船,Alternate Renegade Row,BACK,DUMBBELL,DUMBBELL,ALTERNATING,COMPOUND,STRENGTH|CORE|BALANCE|FUNCTIONAL|PULL
85c89a46-37b2-422a-b2bf-c3a5588463de,站立髋外展,Standing Hip Abduction,GLUTEUS,RESISTANCE_BAND,UNWEIGHTED,UNILATERAL,ISOLATION,MOBILITY|BALANCE|REHAB
85ee1bd7-ae5f-43ea-bef2-590f3e7e75ff,杠铃肩部握距直立划船,Barbell Shoulder Grip Upright Row,SHOULDERS,BARBELL,BARBELL,BILATERAL,COMPOUND,STRENGTH|PULL
8611358c-7253-0ade-e174-1eb8dfa6ee86,仰卧绳索飞鸟,Lying Cable Fly,CHEST,CABLE_MACHINE|BENCH,MACHINE,BILATERAL,ISOLATION,STRENGTH|PUSH
86229a51-11aa-4610-9d34-f27e2b4b7eea,单臂高位划船拉索,One-Arm High Row Cable,BACK,CABLE_MACHINE,MACHINE,UNILATERAL,COMPOUND,STRENGTH|PULL
8662095d-cb00-1466-73f1-70394857c241,杠铃反握前臂弯举,Barbell Reverse Grip Forearm Curl,FOREARMS,BARBELL,BARBELL,BILATERAL,ISOLATION,STRENGTH|PULL
86bb0542-38ab-469b-b684-77f566141bb7,科萨克深蹲,Crossack Squat,LEGS,,BODYWEIGHT,UNILATERAL,COMPOUND,MOBILITY|BALANCE|FUNCTIONAL
873096f4-e814-47bf-9e4a-02ac68f3ade5,背部伸展,Back Extension,GLUTEUS,BENCH,BODYWEIGHT,BILATERAL,ISOLATION,STRENGTH|REHAB
876b0346-eb4e-4ca7-beda-b5825c8e622d,单臂后束三角肌飞鸟,One-Arm Rear Delt Fly,SHOULDERS,SELECTORIZED_MACHINE|PLATE_LOADED_MACHINE,MACHINE,UNILATERAL,ISOLATION,STRENGTH|PULL
87956366-b6ca-49aa-8fa5-3423c3787e94,哑铃后弓步,Dumbbell Rear Lunge,GLUTEUS,DUMBBELL,BODYWEIGHT,ALTERNATING,COMPOUND,STRENGTH|BALANCE|FUNCTIONAL
8829eb3f-8a44-45c4-8a1b-038acb0e257d,绳索后束三角肌飞鸟（反向飞鸟）,Cable Rear Delt Fly (Reverse Fly),SHOULDERS,CABLE_MACHINE,MACHINE,BILATERAL,ISOLATION,STRENGTH|PULL
883d8808-3994-4bdf-aef6-ef9413aee9be,髋关节环绕,Hip Circles,LEGS,,UNWEIGHTED,UNILATERAL,ISOLATION,MOBILITY|WARMUP
88d01eae-b72c-4649-8178-0be9633ec6d2,悬垂直腿抬高,Hanging Straight Leg Raise,ABS,PULL_UP_BAR,BODYWEIGHT,BILATERAL,ISOLATION,CORE|STRENGTH|FUNCTIONAL
88d568f5-de3e-4be1-b97d-265e802c6c1a,手臂环绕,Arm Circle,SHOULDERS,,UNWEIGHTED,BILATERAL,ISOLATION,MOBILITY|WARMUP
890ca0c8-ff8d-4f2b-ad34-d9743118bfee,哑铃坐姿俯身高位划船,Dumbbell Seated Bent Over High Row,SHOULDERS,DUMBBELL|BENCH,DUMBBELL,BILATERAL,COMPOUND,STRENGTH|PULL
8929de5f-b029-4ffd-a773-744cfc6ef113,高到低弹力带伐木者,High To Low Band Woodchopper,ABS,RESISTANCE_BAND,BAND,UNILATERAL,COMPOUND,CORE|FUNCTIONAL
89d00daa-f73b-4391-84d1-803ac433363e,哑铃上斜交替仰握弯举,Dumbbell Incline Alternate Supinated Curl,BICEPS,DUMBBELL|BENCH,DUMBBELL,ALTERNATING,ISOLATION,STRENGTH|PULL
8a18f1cb-5ada-4456-8957-7eafa50d731d,单臂绳索俯身侧平举,One-Arm Cable Bent Over Lateral Raise,SHOULDERS,CABLE_MACHINE,MACHINE,UNILATERAL,ISOLATION,STRENGTH|PULL
8a6508f0-65fa-4c20-9e1a-c8905b232b15,杠铃前平举,Barbell Front Raise,SHOULDERS,BARBELL,BARBELL,BILATERAL,ISOLATION,STRENGTH|PUSH
8a8beda5-c97c-4dad-b6c3-0d559584325d,蟹式,Crab Pose,ABS,,UNWEIGHTED,BILATERAL,COMPOUND,MOBILITY|STRETCH|BALANCE|ISOMETRIC
8ab5f69f-e824-4fcf-9357-4e08c225d060,弹力带半跪姿斜向下拉,Band Half Kneeling Chop,ABS,RESISTANCE_BAND,BAND,UNILATERAL,COMPOUND,CORE|FUNCTIONAL|BALANCE
8abc41c2-862b-4c51-81df-3a8c341a03d6,杠铃反向弓步蹲,Barbell Reverse Lunges,LEGS,BARBELL,BARBELL,ALTERNATING,COMPOUND,STRENGTH|BALANCE|FUNCTIONAL
8abe4e5f-c746-4112-b6c7-33d1ec688256,器械肱二头肌弯举,Machine Biceps Curl,BICEPS,PLATE_LOADED_MACHINE|SELECTORIZED_MACHINE,MACHINE,BILATERAL,ISOLATION,STRENGTH|PULL
8ae59cb6-8a70-4eb6-b2b3-35abe8060f0f,器械式哈克深蹲,Machine Hack Squat,LEGS,PLATE_LOADED_MACHINE,MACHINE,BILATERAL,COMPOUND,STRENGTH|PUSH
8b039cb0-a7cb-4ffa-9fa1-e6120abf7936,阻力带俯卧撑,Resistance Band Push-Up,CHEST,RESISTANCE_BAND,BAND,BILATERAL,COMPOUND,STRENGTH|PUSH|FUNCTIONAL|CORE
8b216853-6ddd-4846-97e1-8a7fc15040cc,拍手俯卧撑,Clap Push-Up,CHEST,,BODYWEIGHT,BILATERAL,COMPOUND,STRENGTH|PLYOMETRIC|EXPLOSIVE|PUSH
8c156338-a875-4603-8a40-dfa7073933eb,站姿斜面弹力带胸部飞鸟,Standing Incline Band Chest Fly,CHEST,RESISTANCE_BAND,BAND,UNILATERAL,ISOLATION,STRENGTH|PUSH|FUNCTIONAL
8c26f0f1-7a4a-4174-be6c-eab991b25992,单臂高位至低位拉力器飞鸟,One-Arm High-to-Low Cable Fly,CHEST,CABLE_MACHINE,MACHINE,UNILATERAL,ISOLATION,STRENGTH|PUSH
8cc228e3-8daa-41c4-b1d0-cc89aee5aab6,相扑深蹲,Sumo Squat,LEGS,DUMBBELL|KETTLEBELL|BARBELL,BODYWEIGHT,BILATERAL,COMPOUND,STRENGTH|MOBILITY|FUNCTIONAL
8ce2c948-a992-4ce9-b562-2e0ff86679c7,颈部屈曲,Neck Curl,BACK,BENCH,WEIGHTED,BILATERAL,ISOLATION,STRENGTH|REHAB
8dc5491f-a6ba-431f-bfe4-08e0ff285e4a,弓箭俯卧撑,Archer Push-Up,CHEST,,BODYWEIGHT,UNILATERAL,COMPOUND,STRENGTH|PUSH|BALANCE|FUNCTIONAL
8dcc0b41-7486-485d-aa85-c09fa57537eb,半程臀腿屈伸,Glute-Ham Raise 1/2,LEGS,,BODYWEIGHT,BILATERAL,COMPOUND,STRENGTH|FUNCTIONAL
8e408345-f873-4f50-82aa-65f99cd78af9,滑雪测功仪,Ski Ergometer,BACK,SELECTORIZED_MACHINE,UNWEIGHTED,ALTERNATING,COMPOUND,CARDIO|FUNCTIONAL
8ea0e1cc-2f71-4868-a6eb-9a475f0ea8ae,负重仰卧屈体保持,Weighted Hollow Body Hold,ABS,WEIGHT_PLATE,WEIGHTED,BILATERAL,ISOLATION,CORE|ISOMETRIC
8ed82d5b-8055-474e-9d6a-38bb83be1e02,哑铃中立握姿上斜卧推划船,Dumbbell Neutral Grip Incline Bench Row,BACK,DUMBBELL|BENCH,DUMBBELL,UNILATERAL,COMPOUND,STRENGTH|PULL
8eeb3700-043a-401e-969e-f9d735aba6ed,膝提腹部滑行器,Knee Raise Ab Coaster,ABS,PLATE_LOADED_MACHINE|SELECTORIZED_MACHINE,MACHINE,BILATERAL,ISOLATION,CORE|STRENGTH
8f86a994-5d86-423c-a395-55122f54de34,坐姿器械躯干旋转,Seated Machine Trunk Rotation,ABS,PLATE_LOADED_MACHINE|SELECTORIZED_MACHINE,BODYWEIGHT,UNILATERAL,ISOLATION,STRENGTH|CORE|MOBILITY
8fd1b9d5-ad0c-8fa5-da97-dcb248588ef5,坐姿腿屈伸,Seated Leg Extension Machine,LEGS,SELECTORIZED_MACHINE,MACHINE,BILATERAL,ISOLATION,STRENGTH|PUSH
9181ee11-473b-4ea3-9435-31ff0ec7e39f,V字仰卧起坐,V-Up,ABS,,BODYWEIGHT,BILATERAL,ISOLATION,CORE|FUNCTIONAL
918edf74-fb94-41ae-af46-7cebebd231ad,绳索下拉穿越,Cable Pull Through,GLUTEUS,CABLE_MACHINE,MACHINE,BILATERAL,COMPOUND,STRENGTH|PULL|FUNCTIONAL|CORE
9194fcea-dbc9-4db8-b448-96552077dbd1,侧向跳跃弓步,Plyo side lunge,LEGS,,BODYWEIGHT,ALTERNATING,COMPOUND,PLYOMETRIC|BALANCE|FUNCTIONAL|EXPLOSIVE
91bdce20-29e2-40df-9aa3-7b16adb396d7,坐姿腿部抬高,Seated Leg Raise,ABS,BENCH,UNWEIGHTED,BILATERAL,ISOLATION,CORE
91c1d821-bfc9-480e-8aac-7a290587388d,壶铃提拉,Kettelbell Clean,LEGS,KETTLEBELL,WEIGHTED,UNILATERAL,COMPOUND,STRENGTH|FUNCTIONAL|BALANCE
91c42a1f-9c3c-4b39-8325-177d96e6c806,EZ杠反向蜘蛛弯举,EZ-Bar Reverse Spider Curl,FOREARMS,EZ_BAR|BENCH,BARBELL,BILATERAL,ISOLATION,STRENGTH|PULL
91df77ee-5ffe-4d59-b1e5-885862ec28c3,绳索窄握背阔肌下拉,Cable Close Grip Lat Pulldown,BACK,CABLE_MACHINE,MACHINE,BILATERAL,COMPOUND,STRENGTH|PULL
9202e88a-111c-40f8-8464-d567a7fff830,坐姿单腿腿弯举,Seated Single Leg Curl,LEGS,PLATE_LOADED_MACHINE|SELECTORIZED_MACHINE,MACHINE,UNILATERAL,ISOLATION,STRENGTH|REHAB
925b9508-e34a-44e1-b635-5d6f1b81b9d9,前向弹力带怪兽行走,Forward Band Monster Walk,LEGS,RESISTANCE_BAND,BAND,BILATERAL,COMPOUND,MOBILITY|REHAB|BALANCE|FUNCTIONAL|WARMUP
930a2eec-3f54-4039-ba9b-1560f6774af0,史密斯机深蹲至凳,Smith Squat To Bench,LEGS,SMITH_MACHINE|BENCH,MACHINE,BILATERAL,COMPOUND,STRENGTH|FUNCTIONAL|PUSH
9481d369-1493-4a72-b758-e0c1870c9b1d,哑铃坐姿三头肌伸展,Dumbbell Seated Triceps Extension,TRICEPS,DUMBBELL|BENCH,DUMBBELL,BILATERAL,ISOLATION,STRENGTH|PUSH
94c146d4-89a6-457b-a2b3-6a409ab74d45,海克力士弯举,Hercules Curl,BICEPS,CABLE_MACHINE,MACHINE,BILATERAL,ISOLATION,STRENGTH|PULL
94c21e20-4a05-866d-b727-5c67cca61b47,坐姿阿诺德哑铃推举,Seated Arnold Dumbbell Press,SHOULDERS,DUMBBELL|BENCH,DUMBBELL,BILATERAL,COMPOUND,STRENGTH|PUSH
9532a115-3b01-43cf-96bb-f8c07cee7089,单臂拉力器侧平举,One-Arm Cable Lateral Raise,SHOULDERS,CABLE_MACHINE,MACHINE,UNILATERAL,ISOLATION,STRENGTH|BALANCE
959aee3c-69de-4978-9332-2f6dbca6f4f9,弹力带侧平举,Band Lateral Raise,SHOULDERS,RESISTANCE_BAND,BAND,BILATERAL,ISOLATION,STRENGTH|MOBILITY|REHAB
963e4937-5b35-480d-e91e-f8f53b2cc64e,杠铃肩部耸肩,Barbell Shoulder Shrug,BACK,BARBELL,BARBELL,BILATERAL,ISOLATION,STRENGTH
976c168d-2968-4eb0-9ca0-eaf804f9ee6a,门框胸部拉伸,Doorway Chest Stretch,CHEST,,UNWEIGHTED,BILATERAL,ISOLATION,MOBILITY|STRETCH|WARMUP
978b4e26-5150-4545-afb9-f61d2d6b1be9,器械三头肌伸展,Machine Triceps Extension,TRICEPS,PLATE_LOADED_MACHINE|SELECTORIZED_MACHINE,MACHINE,BILATERAL,ISOLATION,STRENGTH|PUSH
98055ba3-3b26-463f-8ed8-ef7f2811bede,哑铃站姿交替推举,Dumbbell Standing Alternate Press,SHOULDERS,DUMBBELL,DUMBBELL,ALTERNATING,COMPOUND,STRENGTH|PUSH
9836a9dd-c3fc-465c-8ae3-4defcbccf9c1,哑铃农夫行走,Dumbbell Farmer Carry,FOREARMS,DUMBBELL,DUMBBELL,BILATERAL,COMPOUND,STRENGTH|FUNCTIONAL|CORE|BALANCE
98e32b35-8efa-4e40-bff6-d414f8297dd1,臀肌机后踢,Glute Machine Kickback,GLUTEUS,PLATE_LOADED_MACHINE|SELECTORIZED_MACHINE,MACHINE,UNILATERAL,ISOLATION,STRENGTH|FUNCTIONAL
99704170-da3e-48e5-bb24-33f8193d2892,钢索髋关节内收,Cable Hip Adduction,LEGS,CABLE_MACHINE,MACHINE,UNILATERAL,ISOLATION,STRENGTH|MOBILITY
998e63e1-f6ec-4dae-a7b7-592d74954216,仰卧屈膝抱胸拉伸,Lying Knee To Chest Stretch,GLUTEUS,,UNWEIGHTED,BILATERAL,ISOLATION,MOBILITY|STRETCH|REHAB|WARMUP
9a222d45-d75c-4f48-9542-e97f8fd15833,杠铃地雷侧平举,Landmine Lateral Raise,SHOULDERS,LANDMINE,BARBELL,BILATERAL,ISOLATION,STRENGTH|BALANCE|FUNCTIONAL
9a2d3693-68bc-4d44-852a-fbe16337f521,侧向卷腹,Side Crunch,ABS,BENCH,BODYWEIGHT,UNILATERAL,ISOLATION,CORE
9a3a896f-9adb-41f5-806b-7935e88caedf,V型杆三头肌下压,Triceps Pushdown V-Bar,TRICEPS,CABLE_MACHINE,MACHINE,BILATERAL,ISOLATION,STRENGTH|PUSH
9a5be8c6-af17-4585-8617-7f54f6088f01,KAS 臀桥,KAS Glute Bridge,GLUTEUS,,BARBELL,BILATERAL,ISOLATION,STRENGTH|FUNCTIONAL
9a7407e7-2e8f-41dc-b5f9-5690124b0ed2,壶铃硬拉,Kettlebell Deadlift,LEGS,KETTLEBELL,WEIGHTED,BILATERAL,COMPOUND,STRENGTH|FUNCTIONAL
9b1d4ec9-e0b9-415a-96c2-cf24f3bb9e77,弹力带面拉,Banded Face Pull,SHOULDERS,RESISTANCE_BAND,BAND,BILATERAL,ISOLATION,STRENGTH|PULL|REHAB|FUNCTIONAL
9b56a5dd-d22c-40cc-a93c-05338cc45585,哑铃站立提踵,Dumbbell Standing Calf Raises,LEGS,DUMBBELL,DUMBBELL,BILATERAL,ISOLATION,STRENGTH|BALANCE
9b6a6436-6251-481a-87b9-5d1fdea90599,辅助器械双杠臂屈伸,Assisted Machine Dips,TRICEPS,ASSISTED_MACHINE,ASSISTED_WEIGHT,BILATERAL,COMPOUND,STRENGTH|PUSH
9c1ee795-e406-4b2e-872b-d9c7edc487dd,倒立俯卧撑,Handstand Push-Up,SHOULDERS,,BODYWEIGHT,BILATERAL,COMPOUND,STRENGTH|BALANCE|FUNCTIONAL|PUSH
9c4894a4-9d5b-416e-8718-f957823c0ac0,悬挂V字仰卧起坐,Suspension V-Ups,ABS,SUSPENSION_TRAINER,BODYWEIGHT,BILATERAL,COMPOUND,CORE|BALANCE|FUNCTIONAL
9d80eba8-7872-41fc-879c-47632f253b44,杠铃牧师凳弯举,Barbell Preacher Curl,BICEPS,BARBELL|BENCH,BARBELL,BILATERAL,ISOLATION,STRENGTH|PULL
9d9a38ee-21ac-40ad-ad39-0cb2c09a4b88,旗帜,Flag,BACK,PULL_UP_BAR,BODYWEIGHT,BILATERAL,COMPOUND,STRENGTH|CORE|ISOMETRIC|BALANCE
9dc6f0a7-0d13-4cdd-b511-fded663e0af1,上斜锤式胸部推举,Incline Hammer Chest Press,CHEST,DUMBBELL,MACHINE,BILATERAL,COMPOUND,STRENGTH|PUSH
9de5f78f-fb0b-4bba-b42b-852a00388e9c,前倾平板支撑,Lean Planche,CHEST,PARALLETTES,BODYWEIGHT,BILATERAL,COMPOUND,STRENGTH|CORE|BALANCE|ISOMETRIC|PUSH
9df4db0a-a574-4f3c-b6da-6c289bd1c508,杠铃反握俯身划船,Barbell Reverse Grip Bent Over Row,BACK,BARBELL,BARBELL,BILATERAL,COMPOUND,STRENGTH|PULL
9e5a71b9-7cdb-4090-83bd-efa2f49a418f,交替俯身哑铃反向飞鸟,Alternate Bent Over Dumbbell Reverse Fly,SHOULDERS,DUMBBELL,DUMBBELL,ALTERNATING,ISOLATION,STRENGTH|PULL
9e5c1465-5ec1-40c0-8b50-2dd531666b82,反向卷腹,Reverse Crunches,ABS,,BODYWEIGHT,BILATERAL,ISOLATION,CORE
9e63f81b-fb83-44b7-8dda-895b64ca24b5,交叉身体单臂力量推举,Cross Body One-Arm Strength Press,CHEST,SELECTORIZED_MACHINE,MACHINE,UNILATERAL,COMPOUND,STRENGTH|PUSH
9e7623dc-d10b-4816-a0f5-810a372a4e6a,单臂哑铃支撑俯身侧平举,One-Arm Dumbbell Supported Bent Over Lateral Raise,SHOULDERS,DUMBBELL|BENCH,DUMBBELL,UNILATERAL,ISOLATION,STRENGTH|PULL
9e9c7445-89c9-4f3c-bd9c-fd27a6ae2e74,胸部下沉式俯卧撑,Chest Dips,CHEST,DIP_BARS,UNWEIGHTED,BILATERAL,COMPOUND,STRENGTH|PUSH
9f0b1b6e-42e5-41a9-a210-2e324d4477dc,地雷深蹲,Landmine Squat,LEGS,LANDMINE,BARBELL,BILATERAL,COMPOUND,STRENGTH|FUNCTIONAL
9f11cb88-a5a3-49a9-b8b3-14d535803a6b,曲杆蜘蛛弯举,EZ-Bar Spider Curl,BICEPS,EZ_BAR|BENCH,BARBELL,BILATERAL,ISOLATION,STRENGTH|PULL
9f23fc45-85b5-4fb8-a6f5-615cd230928f,哑铃相扑深蹲,Dumbbell Sumo Squat,GLUTEUS,DUMBBELL,DUMBBELL,BILATERAL,COMPOUND,STRENGTH|FUNCTIONAL
9f9696a4-6a32-43b7-964e-0c8176bc971a,上斜拉索弯举,Incline Cable Curl,BICEPS,CABLE_MACHINE|BENCH,MACHINE,BILATERAL,ISOLATION,STRENGTH|PULL
9f9a7752-0ad7-44e9-a025-d68e9ac1a419,哑铃站立侧弯,Dumbbell Standing Side Bend,ABS,DUMBBELL,DUMBBELL,UNILATERAL,ISOLATION,CORE
a0b86085-81e0-4078-a297-68e3d6796c4e,绳索上斜Y字提拉背部支撑,Cable Incline Y Raise Back Supported,SHOULDERS,CABLE_MACHINE|BENCH,MACHINE,BILATERAL,ISOLATION,STRENGTH|FUNCTIONAL
a0ef5e32-d928-45e1-b507-71bdaa06bf4c,坐姿下拉机,Lat Pulldown Machine,BACK,SELECTORIZED_MACHINE,MACHINE,BILATERAL,COMPOUND,STRENGTH|PULL
a1569ae6-b56a-4769-bee6-682c7d17a110,单臂下拉绳三头肌推压,One-Arm Cable Triceps Pushdown,TRICEPS,DUMBBELL,BODYWEIGHT,UNILATERAL,ISOLATION,STRENGTH|PUSH
a1b16209-fba0-43f3-9ac1-d160bcca419a,壶铃单臂卧推,Kettlebell One Arm Floor Press,CHEST,KETTLEBELL,WEIGHTED,UNILATERAL,COMPOUND,STRENGTH|PUSH|FUNCTIONAL
a2168c01-69e1-46a8-a4e2-902cb3ea166a,面向外侧的贝叶斯绳索弯举,Bayesian Cable Curl (Face Away),BICEPS,CABLE_MACHINE,MACHINE,UNILATERAL,ISOLATION,STRENGTH|PULL
a2a907c5-ff12-4065-bd7d-bc85ac4523e2,站立式环绕推举,Standing Press Around,CHEST,CABLE_MACHINE,MACHINE,UNILATERAL,ISOLATION,STRENGTH|PUSH|BALANCE|FUNCTIONAL
a2cad050-a2b9-46e2-bdae-6198b1aaec21,触脚趾运动,Toe Touches,ABS,,BODYWEIGHT,ALTERNATING,ISOLATION,MOBILITY|WARMUP
a34aa557-2803-46e5-8737-a6ff91d32045,单腿绳索腿弯曲,Single-Leg Cable Leg Curl,LEGS,CABLE_MACHINE,MACHINE,UNILATERAL,ISOLATION,STRENGTH|PULL
a3da9e1f-b976-4458-92f4-4af1264793fa,哑铃俄罗斯转体,Dumbbell Russian Twist,ABS,DUMBBELL,DUMBBELL,ALTERNATING,COMPOUND,CORE|BALANCE|FUNCTIONAL
a408662a-d8a8-4d17-9544-fa2ce09356db,仰卧臀桥在长凳上,Glute Bridge on Bench,GLUTEUS,BENCH,UNWEIGHTED,BILATERAL,COMPOUND,STRENGTH|CORE|FUNCTIONAL
a457f1e5-43be-459c-8ff4-506218d01411,壶铃摆动,Kettlebell Swing,LEGS,KETTLEBELL,WEIGHTED,BILATERAL,COMPOUND,STRENGTH|CARDIO|EXPLOSIVE|FUNCTIONAL|CORE
a46311d5-71d4-4027-8876-c4419b110819,站姿高位下拉三头肌伸展（杠）,Overhead Cable Triceps Exstension (bar),TRICEPS,CABLE_MACHINE,MACHINE,BILATERAL,ISOLATION,STRENGTH|PUSH
a464ad90-8802-40ac-bf44-a414b1b504bd,椭圆机,Elliptical Trainer,LEGS,,UNWEIGHTED,ALTERNATING,COMPOUND,CARDIO|WARMUP
a4dfb157-1b04-4271-aa73-d122cd30acc8,哑铃交叉锤式弯举,Dumbbell Cross Body Hammer Curl,BICEPS,DUMBBELL,DUMBBELL,UNILATERAL,ISOLATION,STRENGTH|PULL
a55493ee-d268-48fb-8a06-1d39576058ad,史密斯机坐姿提踵,Smith Seated Calf Raise,LEGS,SMITH_MACHINE|BENCH,MACHINE,BILATERAL,ISOLATION,STRENGTH
a560bb3a-883e-444e-9a2d-bfddbfa457fc,器械反向哈克深蹲,Machine Reverse Hack Squat,LEGS,PLATE_LOADED_MACHINE|SELECTORIZED_MACHINE,MACHINE,BILATERAL,COMPOUND,STRENGTH|PUSH
a5638dab-bc86-49ea-9940-f5423864f62b,辅助单腿深蹲,Assisted Pistol Squat,LEGS,ASSISTED_MACHINE,BODYWEIGHT,UNILATERAL,COMPOUND,STRENGTH|BALANCE|MOBILITY|FUNCTIONAL
a62eced5-a72a-4f57-b1b2-5b0e4bf17475,杠铃前蹲,Pin Front Squat,LEGS,BARBELL|RACK,BARBELL,BILATERAL,COMPOUND,STRENGTH|FUNCTIONAL
a63c8518-6ecd-44df-a7ce-20fc9957bc6a,哑铃台阶上步,Dumbbell Step-Up,LEGS,DUMBBELL|PLYO_BOX,DUMBBELL,UNILATERAL,COMPOUND,STRENGTH|BALANCE|FUNCTIONAL
a651bd8e-9d5d-40be-b1d9-766081a4b34a,杠铃片前平举,Plate Front Raise,SHOULDERS,WEIGHT_PLATE,WEIGHTED,BILATERAL,ISOLATION,STRENGTH|PUSH
a65c12ab-688e-47bf-966c-994dcc71ec89,悬挂半风车,Hanging Half Windmill,ABS,PULL_UP_BAR,BODYWEIGHT,ALTERNATING,COMPOUND,MOBILITY|CORE|BALANCE|FUNCTIONAL
a7384dbe-5d12-4cae-ac06-e479c71e855b,上犬式,Upward Dog,ABS,,UNWEIGHTED,BILATERAL,COMPOUND,MOBILITY|STRETCH|WARMUP
a73c52dc-e7cc-4775-8a59-5b2277bf9697,史密斯机跪姿臀桥,Smith Kneeling Hip Thrust,LEGS,SMITH_MACHINE,MACHINE,BILATERAL,COMPOUND,STRENGTH|FUNCTIONAL
a741580c-cf0a-49d6-a30d-5ee70ad9be0c,负重俄罗斯转体,Weighted Russian Twist,ABS,WEIGHT_PLATE|DUMBBELL|KETTLEBELL|MEDICINE_BALL,WEIGHTED,ALTERNATING,COMPOUND,STRENGTH|CORE|BALANCE
a832b1f9-ffc0-43e6-80e4-2dea898f0f21,后弓步,Rear Lunge,LEGS,,UNWEIGHTED,ALTERNATING,COMPOUND,STRENGTH|BALANCE|FUNCTIONAL
a8a21f5f-86b9-4898-b83f-b3c4bcb79a63,单腿负重臀桥,Single Leg Weighted Glute Bridge,GLUTEUS,DUMBBELL|WEIGHT_PLATE,WEIGHTED,UNILATERAL,COMPOUND,STRENGTH|BALANCE|FUNCTIONAL
a8c695a1-a954-4b58-8924-ab0689b255c1,坐姿打水式腿部摆动,Seated Flutter Kick,ABS,BENCH,BODYWEIGHT,ALTERNATING,ISOLATION,CORE|CARDIO
a95a114d-0ac6-13ac-2650-6442fd9c85af,坐姿俯身哑铃侧平举,Seated Bent Over Dumbbell Lateral Raise,SHOULDERS,DUMBBELL|BENCH,DUMBBELL,BILATERAL,ISOLATION,STRENGTH|PULL
a97e86f2-1e9a-2d2a-1968-a886c9c3560a,肱三头肌下压,Cable Triceps Pushdown,TRICEPS,CABLE_MACHINE,MACHINE,BILATERAL,ISOLATION,STRENGTH|PUSH
aa23e750-8055-4c34-9775-6548001cfc3e,单臂哑铃上斜侧平举,One-Arm Dumbbell Incline Lateral Raise,SHOULDERS,DUMBBELL|BENCH,DUMBBELL,UNILATERAL,ISOLATION,STRENGTH
aa88e9ad-b55e-43d7-b3c2-d0b0fb81a9a9,窄握弯举,Close Grip Biceps Curl,BICEPS,BARBELL,BARBELL,BILATERAL,ISOLATION,STRENGTH|PULL
aac60f2b-2a58-6e5c-a473-fa6b1954a997,绳索侧平举,Cable Lateral Raise,SHOULDERS,CABLE_MACHINE,MACHINE,UNILATERAL,ISOLATION,STRENGTH
aaed90b1-e560-4b16-8011-494f75522f3a,侧支撑,Side Plank,ABS,,BODYWEIGHT,UNILATERAL,ISOLATION,CORE|BALANCE|ISOMETRIC
ab0c9102-2325-49a2-92ce-4c6ed35a119d,弹力带高位锚点宽划船,Band High Anchor Wide Row,BACK,RESISTANCE_BAND,BAND,BILATERAL,COMPOUND,STRENGTH|PULL|FUNCTIONAL
ab1ace4a-9520-4b39-bc9b-20f63d191e11,立定跳远,Broad Jump,LEGS,,BODYWEIGHT,BILATERAL,COMPOUND,PLYOMETRIC|EXPLOSIVE|FUNCTIONAL
ab969cd9-46c9-4a4b-aeb8-fb18b3a812d2,抓举深蹲,Clean Squat,LEGS,BARBELL,BARBELL,BILATERAL,COMPOUND,STRENGTH|EXPLOSIVE|FUNCTIONAL
abefa761-e360-4522-b9cb-98982266c699,侧卧股四头肌拉伸,Side Lying Quadriceps Stretch,LEGS,,UNWEIGHTED,UNILATERAL,ISOLATION,STRETCH|MOBILITY|REHAB|WARMUP
ac39bb5d-d66c-4660-85ac-3a4255acc5e7,斜方肌Y字提拉,Trap Y Raise,SHOULDERS,DUMBBELL|BENCH,DUMBBELL,BILATERAL,ISOLATION,STRENGTH|MOBILITY|REHAB|FUNCTIONAL
ac407cf0-cc32-47ea-a68f-bf21017a15d1,弹力带直立划船,Band Upright Row,SHOULDERS,RESISTANCE_BAND,BAND,BILATERAL,COMPOUND,STRENGTH|PULL
ac965c65-7896-c2f8-4ab2-5bda19534b41,哑铃侧举,Dumbbell Lateral Raise,SHOULDERS,DUMBBELL,DUMBBELL,BILATERAL,ISOLATION,STRENGTH
ace91b1e-8045-481d-8ab6-3a40f6593d8b,绳索反握下拉,Cable Reverse Grip Pulldown,BACK,CABLE_MACHINE,MACHINE,BILATERAL,COMPOUND,STRENGTH|PULL
ad8cbff5-7fab-47f9-8332-447ef6785681,瑞士球平板支撑,Swiss Ball Plank,ABS,MEDICINE_BALL,BODYWEIGHT,BILATERAL,COMPOUND,CORE|BALANCE|ISOMETRIC
ae0322ff-7913-4410-b8fb-4da942ec4783,哑铃前平举,Dumbbell Lu Raises,SHOULDERS,DUMBBELL,DUMBBELL,BILATERAL,ISOLATION,STRENGTH
ae0c15ed-95db-41e3-a99d-8289b6ccf2a5,站立杠铃过头三头肌伸展,Standing Overhead Barbell Triceps Extension,TRICEPS,BARBELL,BARBELL,BILATERAL,ISOLATION,STRENGTH|PUSH
ae4654cc-cd5b-4aef-81de-28e6eff721f7,肘外胸部拉伸,Elbow Out Chest Stretch,CHEST,,UNWEIGHTED,BILATERAL,ISOLATION,MOBILITY|STRETCH|WARMUP
ae567a85-61b5-4329-a26f-3b1894e59f6d,蜥蜴式,Lizard Pose,LEGS,,UNWEIGHTED,BILATERAL,COMPOUND,MOBILITY|STRETCH|BALANCE|WARMUP
ae74e375-7d6c-41d6-9e1c-3441ab97bca2,上斜胸部支撑杠铃划船,Incline Chest Supported Barbell Row,BACK,BARBELL|BENCH,BARBELL,BILATERAL,COMPOUND,STRENGTH|PULL
af8dd3b8-63db-419d-9d80-ffb64e403898,仰卧卧推,Lying Chest Press,CHEST,BENCH,MACHINE,BILATERAL,COMPOUND,STRENGTH|PUSH
afe0d300-093b-44d2-b258-0d2a431954e4,锯式平板支撑,Saw Plank,ABS,,BODYWEIGHT,BILATERAL,COMPOUND,CORE|ISOMETRIC
b03f3b8c-b957-4838-b198-eeda7a389132,反握曲杆弯举,EZ-Bar Reverse Grip Biceps Curl,FOREARMS,EZ_BAR,BARBELL,BILATERAL,ISOLATION,STRENGTH|PULL
b119509d-00e5-45f4-b7a5-2aa4a5da4d0f,保加利亚跳跃深蹲,Bulgarian Jump Squat,LEGS,,BODYWEIGHT,UNILATERAL,COMPOUND,PLYOMETRIC|EXPLOSIVE|BALANCE
b17fec92-bc5f-480d-912b-988a936065b3,壶铃俯卧撑划船,Kettlebel Renegade Row,BACK,KETTLEBELL,DUMBBELL,UNILATERAL,COMPOUND,STRENGTH|CORE|BALANCE|FUNCTIONAL|PULL
b2c6ca4b-db03-4553-8d9f-6e5e87bbd118,哑铃站立反向腕屈伸,Dumbbell Standing Reverse Wrist Curls,FOREARMS,DUMBBELL,DUMBBELL,BILATERAL,ISOLATION,STRENGTH
b2e609bf-d783-4f44-8213-de75f13eb878,站立式钢索腹部卷曲,Standing Cable Ab Crunch,ABS,CABLE_MACHINE,MACHINE,BILATERAL,ISOLATION,STRENGTH|CORE
b31f3da6-b239-41c0-9662-f0a8996868c6,肩部触碰,Shoulder Tap,CHEST,,BODYWEIGHT,ALTERNATING,COMPOUND,CORE|BALANCE|FUNCTIONAL
b343e608-5d5f-4983-adba-b2045467c73d,单臂锤式绳索弯举,One-Arm Hammer Cable Curl,BICEPS,CABLE_MACHINE,MACHINE,UNILATERAL,ISOLATION,STRENGTH|PULL
b3e21bcc-e194-4323-a27c-7e960c617bea,摇摆青蛙式,Rocking Frog,LEGS,,UNWEIGHTED,BILATERAL,COMPOUND,MOBILITY|STRETCH|WARMUP
b445a407-9f2f-477b-afa6-9be25ecefc35,杠铃滚动 - 跪姿,Barbell Rollout - Kneeling,ABS,BARBELL,UNWEIGHTED,BILATERAL,COMPOUND,STRENGTH|CORE
b4eb0459-9ad3-4a47-8add-4c80872785b7,杠铃后束三角肌划船,Barbell Rear Delt Row,BACK,BARBELL,MACHINE,BILATERAL,COMPOUND,STRENGTH|PULL
b58d9bf9-6663-4eb7-917b-c1e3195b43f8,杠铃拖曳弯举,Barbell Drag Curl,BICEPS,BARBELL,BARBELL,BILATERAL,ISOLATION,STRENGTH|PULL
b611633c-e2e5-402a-b4d6-7e758e2b35bb,反握三头肌伸展,Underhand Triceps Extension,TRICEPS,CABLE_MACHINE,MACHINE,BILATERAL,ISOLATION,STRENGTH|PUSH
b767db5f-87e1-42cf-b4dd-25f9899e0722,坐姿绳索划船中立握姿,Cable Seated Row Neutral Grip,BACK,CABLE_MACHINE,MACHINE,BILATERAL,COMPOUND,STRENGTH|PULL
b7ec6aa3-d3da-4b35-974a-c50c7eb08794,史密斯机提踵,Smith Calf Raises,LEGS,SMITH_MACHINE,MACHINE,BILATERAL,ISOLATION,STRENGTH
b7f66997-117e-4893-acc6-6ad18adffdb1,哑铃波利昆侧平举,Dumbbell Poliquin Lateral Raise,SHOULDERS,DUMBBELL,DUMBBELL,BILATERAL,ISOLATION,STRENGTH|MOBILITY
b805ce84-2b5c-4cd1-8bb3-a8cc53c44b49,髋关节铰链动作,Hip Hinge,GLUTEUS,BARBELL|DUMBBELL|KETTLEBELL,BODYWEIGHT,BILATERAL,COMPOUND,STRENGTH|FUNCTIONAL
b856f495-d868-4b6b-ac13-634bb99709b7,绳索坐姿后侧平举,Cable Seated Rear Lateral Raise,SHOULDERS,CABLE_MACHINE|BENCH,MACHINE,BILATERAL,ISOLATION,STRENGTH|PULL
b866a8c1-4083-403a-9a68-ba6846f85a87,集中锤式弯举,Concentration Hammer Curl,BICEPS,DUMBBELL|BENCH,DUMBBELL,UNILATERAL,ISOLATION,STRENGTH|PULL
b88ce237-ce60-4b9d-891d-a1d628983960,史密斯机前蹲,Smith Front Squat,LEGS,SMITH_MACHINE,MACHINE,BILATERAL,COMPOUND,STRENGTH|PUSH
b8bf5d99-8df7-4eb8-aa9d-8bac39d070b7,自下而上旋转,Bottom up rotation,ABS,KETTLEBELL,BODYWEIGHT,UNILATERAL,COMPOUND,CORE
b91720be-c6a9-4b87-b264-0e09f7e9053d,单臂拉力器划船,One-Arm Cable Row,BACK,CABLE_MACHINE|BENCH,MACHINE,UNILATERAL,COMPOUND,STRENGTH|PULL
b9b09cef-24a9-103d-0981-ba6076dd0bb6,杠杆高位划船,Lever High Row,BACK,PLATE_LOADED_MACHINE,MACHINE,BILATERAL,COMPOUND,STRENGTH|PULL
b9fc3c2b-b68b-4c94-bd08-2b28b7359bbb,泽奇深蹲,Zercher Squat,LEGS,BARBELL,BARBELL,BILATERAL,COMPOUND,STRENGTH|FUNCTIONAL|CORE
ba4ae8e2-33f7-4d56-a37a-a2498b85e605,弹力带跪姿扭转卷腹,Band Kneeling Twisting Crunch,ABS,RESISTANCE_BAND,BAND,ALTERNATING,ISOLATION,CORE|FUNCTIONAL
ba67a5a7-7a06-49c2-92eb-9cf8dc8b9419,陷阱杠铃耸肩,Trap Bar Shrugs,BACK,TRAP_BAR,BARBELL,BILATERAL,ISOLATION,STRENGTH|PULL
ba99f018-cb2a-48e9-b48b-57046f791ba7,波比跳,Burpee,LEGS,,BODYWEIGHT,BILATERAL,COMPOUND,PLYOMETRIC|CARDIO|FUNCTIONAL|EXPLOSIVE|PUSH
ba9e150f-19c0-46d6-a1f1-37b884fb5827,武士刀三头肌伸展,Katana Triceps Extension,TRICEPS,CABLE_MACHINE,MACHINE,BILATERAL,ISOLATION,STRENGTH|PUSH
baa210b0-158a-4191-acff-8d7db7928a05,史密斯机泽奇深蹲,Smith Zercher Squat,LEGS,SMITH_MACHINE,BODYWEIGHT,BILATERAL,COMPOUND,STRENGTH
badf5b19-a932-4d33-9618-467ff540f9c9,绳索侧身侧平举,Cable Leaning Lateral Raise,SHOULDERS,CABLE_MACHINE,MACHINE,UNILATERAL,ISOLATION,STRENGTH
baf42461-446f-423b-aafc-551d90d7f03b,坐姿绳索胸推,Seated Cable Chest Press,CHEST,CABLE_MACHINE|BENCH,MACHINE,BILATERAL,COMPOUND,STRENGTH|PUSH
bb084797-5b76-4f77-98cf-0e4019b3536f,反向划船,Inverted Row (Australian),BACK,PULL_UP_BAR,BODYWEIGHT,BILATERAL,COMPOUND,STRENGTH|PULL|FUNCTIONAL
bb8bde33-62a0-46c9-9bbf-d11b93374161,哑铃抓举,Dumbbell Snatch,SHOULDERS,DUMBBELL,DUMBBELL,UNILATERAL,COMPOUND,STRENGTH|EXPLOSIVE|FUNCTIONAL
bb9968cb-20e4-47bd-8f4b-4991ca622fc7,熊式平板支撑,Bear Plank,ABS,,BODYWEIGHT,BILATERAL,COMPOUND,CORE|ISOMETRIC|FUNCTIONAL|BALANCE
bbe9a0d9-509e-4362-b9e9-396e8b7c79c3,俯身杠铃提拉,Pendlay Row,BACK,BARBELL,BARBELL,BILATERAL,COMPOUND,STRENGTH|PULL
bbf624ab-4d11-497c-98ae-e68484a666bb,壶铃肱二头肌弯举,Kettlebell Biceps Curl,BICEPS,KETTLEBELL,DUMBBELL,BILATERAL,ISOLATION,STRENGTH|PULL
bbf7d889-640a-4032-ad12-7edceed931d3,史密斯机直立划船,Smith Machine Upright Row,SHOULDERS,SMITH_MACHINE,MACHINE,BILATERAL,COMPOUND,STRENGTH|PULL
bc1b689d-6228-43bd-8e9e-d135b1e55807,吊环俯卧撑,Ring Push-Up,CHEST,GYMNASTIC_RINGS,BODYWEIGHT,BILATERAL,COMPOUND,STRENGTH|PUSH|BALANCE|FUNCTIONAL
bc2e032c-f9a5-4e27-8b29-b7b80bebcd97,单臂哑铃卧推,One-Arm Dumbbell Bench Press,CHEST,DUMBBELL|BENCH,DUMBBELL,UNILATERAL,COMPOUND,STRENGTH|PUSH
bcdc45cd-8548-4416-864f-fb0928b9da8a,悬垂,Dead Hang,FOREARMS,PULL_UP_BAR,BODYWEIGHT,BILATERAL,ISOLATION,MOBILITY|STRETCH|ISOMETRIC
bd178421-8e50-40b1-a843-43b82b55c393,超人式,Superman,LEGS,,BODYWEIGHT,BILATERAL,COMPOUND,CORE|MOBILITY|BALANCE|FUNCTIONAL
bd67f53b-0829-458b-8368-3bd89972ebe0,哑铃背部伸展,Back Extension With Dumbbell,GLUTEUS,DUMBBELL|BENCH,BODYWEIGHT,BILATERAL,ISOLATION,STRENGTH|CORE
bd750d56-64a0-4e9f-87c9-b1408246238e,蝴蝶伸展,Butterfly Stretch,LEGS,,UNWEIGHTED,BILATERAL,ISOLATION,MOBILITY|STRETCH|WARMUP
bd7b2836-8bd5-4dd6-8645-2bad2da1c2db,单臂哑铃侧平举,One-Arm Dumbbell Lateral Raise,SHOULDERS,DUMBBELL,DUMBBELL,UNILATERAL,ISOLATION,STRENGTH|BALANCE
bdfbf8c4-7d96-f9bd-f441-523c1a434312,俯卧腿弯举,Prone Lying Leg Curl,LEGS,PLATE_LOADED_MACHINE|SELECTORIZED_MACHINE,MACHINE,BILATERAL,ISOLATION,STRENGTH
be225aec-96d1-4dfb-9670-c9c6ccfddd99,弹跳跳跃,Pogo Jumps,LEGS,,BODYWEIGHT,BILATERAL,COMPOUND,PLYOMETRIC|EXPLOSIVE|CARDIO|BALANCE|WARMUP
bf409651-d501-4f6f-b314-cd0cc5452063,杠铃反向腕弯举,Barbell Reverse Wrist Curl,FOREARMS,BARBELL,BARBELL,BILATERAL,ISOLATION,STRENGTH
bfc234b1-e2be-440e-9d4d-02a46e063de3,俯卧侧平举,Chest Supported Lateral T Raise,SHOULDERS,DUMBBELL|BENCH,DUMBBELL,BILATERAL,ISOLATION,STRENGTH|REHAB|FUNCTIONAL
bffdb15f-d630-44a1-9a20-d4dc864d6972,开合跳,Jumping Jacks,LEGS,,UNWEIGHTED,BILATERAL,COMPOUND,PLYOMETRIC|CARDIO|WARMUP
c0163f74-9b9d-44f8-9ee9-78af5a3169cd,杠铃哥萨克深蹲,Barbell Cossack Squat,LEGS,BARBELL,BARBELL,UNILATERAL,COMPOUND,STRENGTH|MOBILITY|BALANCE|FUNCTIONAL
c066f0d4-d8a3-4b0b-8abd-2112c600543b,壶铃杯式深蹲,Kettlebell Goblet Squat,GLUTEUS,KETTLEBELL,WEIGHTED,BILATERAL,COMPOUND,STRENGTH|MOBILITY|FUNCTIONAL
c088bc9d-94ff-46ef-9f61-110a605c49d9,仰卧脊柱扭转,Lying Spinal Twist,ABS,,UNWEIGHTED,ALTERNATING,ISOLATION,MOBILITY|STRETCH|REHAB|WARMUP
c0d708f6-00ab-118f-9f7d-e13f27e5458b,坐姿髋外展,Seated Hip Abduction,GLUTEUS,PLATE_LOADED_MACHINE|SELECTORIZED_MACHINE,MACHINE,BILATERAL,ISOLATION,STRENGTH|MOBILITY|REHAB
c1218a68-7bd6-4e47-9b9e-159dfab75ad5,跪姿宽距俯卧撑,Kneeling Wide Push-Up,CHEST,,BODYWEIGHT,BILATERAL,COMPOUND,STRENGTH|PUSH
c1af5fc6-a3be-4467-87f9-b4e8abb1f55e,哑铃站立驱动器,Dumbbell Standing Driver,SHOULDERS,DUMBBELL,DUMBBELL,UNILATERAL,ISOLATION,STRENGTH|FUNCTIONAL
c1b44da7-2220-4a21-8164-ebc2abf9ba65,弹力带髋外展,Band Hip Abduction,GLUTEUS,RESISTANCE_BAND,BAND,UNILATERAL,ISOLATION,MOBILITY|REHAB|WARMUP
c2b72e25-1c85-43f3-9c95-5bd9431e34ac,单腿箱式深蹲,Pistol Box Squat,LEGS,PLYO_BOX,BODYWEIGHT,UNILATERAL,COMPOUND,STRENGTH|BALANCE|FUNCTIONAL|MOBILITY
c30468f2-024b-79d4-df35-0c937e391555,下斜哑铃卧推,Decline Dumbbell Bench Press,CHEST,DUMBBELL|BENCH,DUMBBELL,BILATERAL,COMPOUND,STRENGTH|PUSH
c33a0ac1-5d07-d66c-fc7c-8360786726da,站姿提踵,Machine Calf Raises,LEGS,PLATE_LOADED_MACHINE|SELECTORIZED_MACHINE,MACHINE,BILATERAL,ISOLATION,STRENGTH
c4144293-7b67-46de-a595-6c5953709954,下斜杠铃法式卧推,Decline Barbell French Press,TRICEPS,BARBELL|BENCH,BARBELL,BILATERAL,ISOLATION,STRENGTH|PUSH
c48984e5-3830-4cc5-9d99-d74066febb22,绳索三头肌后踢,Triceps Cable Kickback,TRICEPS,CABLE_MACHINE,MACHINE,UNILATERAL,ISOLATION,STRENGTH|PUSH
c48d3682-7b85-45cb-bbb6-731ca86f4a08,负重肌肉向上拉起,Weighted Muscle-Up,TRICEPS,GYMNASTIC_RINGS|PULL_UP_BAR,BODYWEIGHT,BILATERAL,COMPOUND,STRENGTH|EXPLOSIVE|PULL
c49da46d-cb8f-4a5b-b948-94208d9880e5,史密斯机后弓步,Smith Rear Lunge,LEGS,SMITH_MACHINE,MACHINE,UNILATERAL,COMPOUND,STRENGTH|BALANCE|FUNCTIONAL
c4aa256a-753d-4b96-88fc-5c52907c648a,啞鈴肱三頭肌伸展,Dumbbell Seated Triceps Extension,TRICEPS,DUMBBELL|BENCH,DUMBBELL,BILATERAL,ISOLATION,STRENGTH|PUSH
c4c660f5-e07b-4ad8-a3a7-b887c3f8cc5e,弹力带反向背伸展,Band Reverse Hyperextension,GLUTEUS,RESISTANCE_BAND,BODYWEIGHT,BILATERAL,COMPOUND,STRENGTH|REHAB|FUNCTIONAL
c5e55508-8f59-4c68-a5b5-7f5b2b7df078,反握绳索弯举,Reverse Grip Cable Curl,FOREARMS,CABLE_MACHINE,MACHINE,BILATERAL,ISOLATION,STRENGTH|PULL
c6028e5a-3df6-4a4d-b11b-13812ad4436f,侧向怪兽步行,Lateral Monster Walk,GLUTEUS,RESISTANCE_BAND,BAND,BILATERAL,COMPOUND,MOBILITY|REHAB|BALANCE|FUNCTIONAL|WARMUP
c605879b-651d-4995-ae08-8ecd85182d71,健身球靠墙深蹲,Stabillity Ball Wall Squat,LEGS,,UNWEIGHTED,BILATERAL,COMPOUND,STRENGTH|BALANCE|FUNCTIONAL|REHAB
c64c25ff-7e50-422e-ba86-ac7e24ddf6e5,单臂壶铃过头推举,One-Arm Kettlebell Overhead Press,SHOULDERS,KETTLEBELL,WEIGHTED,UNILATERAL,COMPOUND,STRENGTH|PUSH|BALANCE|FUNCTIONAL
c6a3ceee-90a3-4f19-8e37-4630cb144391,史密斯机垂直腿举,Vertical Leg Press Smith Machine,LEGS,SMITH_MACHINE,MACHINE,BILATERAL,COMPOUND,STRENGTH|PUSH
c6c9eeca-3ee1-4a8b-b34a-496b35c5dd53,坐姿下拉绳索划船中立握姿,Seated Cable Low Row Neutral Grip,BACK,CABLE_MACHINE,MACHINE,BILATERAL,COMPOUND,STRENGTH|PULL
c6fffa71-d76e-44b7-bc35-1aa2a90bdc69,杠杆式背部伸展,Lever Back Extension,BACK,PLATE_LOADED_MACHINE|SELECTORIZED_MACHINE,MACHINE,BILATERAL,ISOLATION,STRENGTH
c72d1396-05a3-4254-a62e-dbbba9813472,单腿仰卧腿弯举,Single-Leg Lying Curl,LEGS,PLATE_LOADED_MACHINE|SELECTORIZED_MACHINE,MACHINE,UNILATERAL,ISOLATION,STRENGTH|BALANCE|REHAB
c79993c0-52a1-4575-94f6-9e63c75453be,蛙式臀桥,Frog Pump,GLUTEUS,DUMBBELL,BODYWEIGHT,BILATERAL,COMPOUND,STRENGTH|FUNCTIONAL|WARMUP
c7b3f81d-816a-4a45-a2e4-c819f4da0ea8,詹达仰卧起坐,Janda Sit Up,ABS,BENCH,BODYWEIGHT,BILATERAL,COMPOUND,CORE|FUNCTIONAL
c7bc7acf-63e9-4749-a0e1-d130d759ed1d,引体向上翻转,Muscle-up,TRICEPS,PULL_UP_BAR|DIP_BARS,BODYWEIGHT,BILATERAL,COMPOUND,STRENGTH|EXPLOSIVE|PULL|FUNCTIONAL
c7c5b6a3-7410-4ea8-9b96-98e9c00e7d46,站立俄罗斯转体,Standing Russian Twist,ABS,MEDICINE_BALL|DUMBBELL|KETTLEBELL|WEIGHT_PLATE,UNWEIGHTED,ALTERNATING,COMPOUND,CORE|BALANCE|FUNCTIONAL
c8749939-52da-4147-9e62-e6be2b23b6a5,宽距俯卧撑,Wide Hand Push-Up,CHEST,,BODYWEIGHT,BILATERAL,COMPOUND,STRENGTH|PUSH
c8837562-afba-4d90-b0bb-31b0b17a0a7d,TRX 单腿鸟狗式,TRX Single Leg Bird Dog,ABS,SUSPENSION_TRAINER,BODYWEIGHT,UNILATERAL,COMPOUND,MOTOR|BALANCE|FUNCTIONAL|CORE
c8a73206-c24b-46e7-9f38-b9e049a3afe5,哑铃反向肱二头肌弯举,Dumbbell Biceps Reverse Curl,FOREARMS,DUMBBELL,DUMBBELL,BILATERAL,ISOLATION,STRENGTH|PULL
c9679a7c-9960-4d98-a130-1e919bfe1f74,双杠俯卧撑,Push-Up on Parallel Bars,CHEST,PARALLETTES,BODYWEIGHT,BILATERAL,COMPOUND,STRENGTH|PUSH|FUNCTIONAL
c97aad0b-f9f1-4533-918a-fc23a466b854,哑铃仰卧腿举过顶拉伸,Dumbbell Pullover with Legs Raised,BACK,DUMBBELL,DUMBBELL,BILATERAL,COMPOUND,STRENGTH|CORE|PULL
c98e66c4-2657-4c42-bfbb-99425b312dd2,加州推举,California Press,TRICEPS,DUMBBELL|BENCH,BARBELL,BILATERAL,COMPOUND,STRENGTH|PUSH
c9c26dea-3563-47ab-b2bb-e93a3021cea1,绳索坐姿仰握划船,Cable Seated Supine Grip Row,BACK,CABLE_MACHINE|BENCH,MACHINE,BILATERAL,COMPOUND,STRENGTH|PULL
c9f28dee-814d-4cef-910a-6161ca46382d,土耳其起身,Turkish Get Up,SHOULDERS,KETTLEBELL|DUMBBELL,WEIGHTED,UNILATERAL,COMPOUND,STRENGTH|MOBILITY|CORE|BALANCE|FUNCTIONAL
ca1dbb25-9c6d-464b-95ca-a55d9b72395a,牧师锤式弯举,Preacher Hammer Curl,BICEPS,SELECTORIZED_MACHINE|BENCH,MACHINE,BILATERAL,ISOLATION,STRENGTH|PULL
ca246429-a81b-4377-a492-231b6ca8ec61,腹部真空练习,Abdominal Vaccum,ABS,,UNWEIGHTED,BILATERAL,ISOLATION,CORE|ISOMETRIC
ca8fb6e9-2df5-4f97-83a0-d1595e894fba,直臂背阔肌下拉,Straight-Arm Lat Pulldown,BACK,CABLE_MACHINE,MACHINE,BILATERAL,ISOLATION,STRENGTH|PULL
cb2d0f9b-8328-46a0-bbdb-6b13db28499d,史密斯机相扑深蹲,Sumo Squat With Smith,LEGS,SMITH_MACHINE,MACHINE,BILATERAL,COMPOUND,STRENGTH
cb4adf67-8fc7-4fee-b077-0971132d0c9a,坐姿腹部绳索卷腹,Seated Ab Cable Crunch,ABS,CABLE_MACHINE|BENCH,MACHINE,BILATERAL,ISOLATION,STRENGTH|CORE
cb57a584-6e5e-4305-891c-f06140dc8fd5,站姿弹力带过头臂屈伸,Overhead Band Triceps Extension,TRICEPS,RESISTANCE_BAND,BAND,BILATERAL,ISOLATION,STRENGTH|PUSH
cb600c65-e1d1-42fa-874f-9568e52c8c48,阻力带卧推,Bench Press With Resistance Band,CHEST,BARBELL|BENCH|RESISTANCE_BAND,BARBELL,BILATERAL,COMPOUND,STRENGTH|PUSH
cc39d401-ea05-f723-0500-64bbe65b589d,绳索中立握距下拉,Cable Neutral Grip Lat Pulldown,BACK,CABLE_MACHINE,MACHINE,BILATERAL,COMPOUND,STRENGTH|PULL
ccc8321a-3db5-40a3-b687-0cb47f4ee2c9,杠杆式水平腿举,Lever Horizontal Leg Press,LEGS,PLATE_LOADED_MACHINE|SELECTORIZED_MACHINE,MACHINE,BILATERAL,COMPOUND,STRENGTH|PUSH
cd126272-b650-475e-bd59-f58ebb1ad6f6,单臂低位至高位拉索飞鸟,One-Arm Low-to-High Cable Fly,CHEST,CABLE_MACHINE,MACHINE,UNILATERAL,ISOLATION,STRENGTH|PUSH
cd499966-2c32-4b4d-9bf6-440fcc3a84e4,步行有氧运动,Walking Cardio,LEGS,TREADMILL,UNWEIGHTED,ALTERNATING,COMPOUND,CARDIO|WARMUP
ce0a9a1a-5650-4f81-949f-78494cec69f7,斜板杠铃三头肌伸展,Incline Barbell Triceps Extension,TRICEPS,BARBELL|BENCH,BARBELL,BILATERAL,ISOLATION,STRENGTH|PUSH
ce8d4c15-8a34-441b-ac87-7b94dc57c220,单腿箱跳,Single-Leg Box Jump,LEGS,PLYO_BOX,BODYWEIGHT,UNILATERAL,COMPOUND,PLYOMETRIC|BALANCE|EXPLOSIVE|FUNCTIONAL
cebcd0b9-f4ec-483e-b2cf-f759efd759f4,负重悬垂举腿,Weighted Hanging Leg Raise,ABS,PULL_UP_BAR|WEIGHT_PLATE,BODYWEIGHT,BILATERAL,ISOLATION,STRENGTH|CORE
cf64c96d-3e95-424d-8066-f0824463de81,负重仰卧卷腹,Weighted Ab Crunches,ABS,WEIGHT_PLATE,WEIGHTED,BILATERAL,ISOLATION,STRENGTH|CORE
cf88eb6f-6101-49f1-a493-ef959eb12cb6,哑铃保加利亚剪蹲,Dumbbell Bulgarian Squat,LEGS,DUMBBELL,DUMBBELL,UNILATERAL,COMPOUND,STRENGTH|BALANCE|FUNCTIONAL
cfddb90c-e434-43a8-8b05-d8556431d7f1,对侧肘碰膝,Opposite side elbow to knee,ABS,,BODYWEIGHT,ALTERNATING,COMPOUND,CORE|MOBILITY|BALANCE|FUNCTIONAL
d01922bb-2606-4597-b0c0-352afe85ea8b,坐姿哑铃单臂弯举,Dumbbell Concentration Curl,BICEPS,DUMBBELL|BENCH,DUMBBELL,UNILATERAL,ISOLATION,STRENGTH|PULL
d04e4922-8aec-4584-9657-ceda935dc57e,器械胸推锤式握法,Machine Chest Press Hammer Grip,CHEST,PLATE_LOADED_MACHINE|SELECTORIZED_MACHINE,MACHINE,BILATERAL,COMPOUND,STRENGTH|PUSH
d0e78959-c1de-400c-a7fb-44c1015d5013,钢索水平帕洛夫推举,Cable Horizontal Pallof Press,ABS,CABLE_MACHINE,MACHINE,UNILATERAL,ISOLATION,CORE|FUNCTIONAL
d0f8718c-b950-4960-80a5-cc057c225b84,杠铃地雷旋转,Landmine Twist,ABS,LANDMINE,BARBELL,UNILATERAL,COMPOUND,CORE|FUNCTIONAL|BALANCE
d1109e24-4610-4f9f-93b7-a37691e123bf,跪姿绳索背阔肌下拉,Kneeling Cable Lat Pulldown,BACK,CABLE_MACHINE,MACHINE,BILATERAL,COMPOUND,STRENGTH|PULL
d15edf28-16b7-02a1-ef0a-1273df7fbee8,单腿哑铃硬拉,Single Leg Dumbbell Deadlift,LEGS,DUMBBELL,DUMBBELL,UNILATERAL,COMPOUND,STRENGTH|BALANCE|FUNCTIONAL
d1613595-46fa-4f15-9467-807cb3b2b88c,绳索腕屈曲,Cable Wrist Curl,FOREARMS,CABLE_MACHINE,MACHINE,BILATERAL,ISOLATION,STRENGTH
d1c79bb9-e950-43b4-82a8-9b8003140b5e,交替哑铃锤式弯举,Alternate Dumbbell Hammer Curl,BICEPS,DUMBBELL,DUMBBELL,ALTERNATING,ISOLATION,STRENGTH|PULL
d1da7f1a-1aa7-4798-9a0d-a4eccf36ff5f,单臂地雷半跪姿肩推,One-Arm Landmine Half Kneeling Shoulder Press,SHOULDERS,BARBELL|LANDMINE,BARBELL,UNILATERAL,COMPOUND,STRENGTH|BALANCE|FUNCTIONAL|PUSH
d24ca3f6-1a19-41c4-9240-1369823e8a56,史密斯机下斜卧推,Decline Smith Bench Press,CHEST,SMITH_MACHINE|BENCH,MACHINE,BILATERAL,COMPOUND,STRENGTH|PUSH
d271435e-ad73-4dab-a3a8-3c171781c4a4,坐姿绳索腕屈伸,Seated Cable Wrist Curl,FOREARMS,CABLE_MACHINE|BENCH,MACHINE,BILATERAL,ISOLATION,STRENGTH|PULL
d29ecddd-e2bc-4d42-914b-7304975faa55,站立式胸部打开器,Standing Chest Opener,CHEST,,UNWEIGHTED,BILATERAL,ISOLATION,MOBILITY|STRETCH|WARMUP
d37cc65e-3c18-4e39-8ea2-200c4f20e348,坐姿肩推中立握姿,Seated Shoulder Press Neutral Grip,SHOULDERS,DUMBBELL|BENCH,DUMBBELL,BILATERAL,COMPOUND,STRENGTH|PUSH
d41e66cc-4fff-4bd0-a15f-c83b2921c1b4,窄握环上水平引体向上,Narrow Grip Australian Pull-Up With Rings,BACK,GYMNASTIC_RINGS,BODYWEIGHT,BILATERAL,COMPOUND,STRENGTH|PULL|FUNCTIONAL
d426fbe7-b7df-4671-8499-d2e4df127ec6,负重单腿深蹲,Weighted Pistol Squat,LEGS,DUMBBELL|KETTLEBELL|WEIGHT_PLATE,WEIGHTED,UNILATERAL,COMPOUND,STRENGTH|BALANCE|FUNCTIONAL|MOBILITY
d455b2bc-feaa-4d9d-8d60-b8ae1ed7b109,瑞士球腿部弯曲,Swiss Ball Leg Curl,LEGS,,BODYWEIGHT,BILATERAL,COMPOUND,STRENGTH|BALANCE|FUNCTIONAL
d47b60ff-9291-4a4a-b40f-6d74281ff2ab,下斜钻石俯卧撑,Decline Diamond Push-Up,TRICEPS,BENCH,BODYWEIGHT,BILATERAL,COMPOUND,STRENGTH|PUSH
d4ef05f4-fe04-46e3-bb14-d060df537e28,弹力带仰卧交替屈膝卷腹,Band Bicycle Crunches,ABS,RESISTANCE_BAND,BAND,UNILATERAL,ISOLATION,CORE|FUNCTIONAL
d4f99d40-b883-4371-8b5f-87fc11343709,保加利亚深蹲,Bulgarian Squat,GLUTEUS,DUMBBELL|BENCH,BODYWEIGHT,UNILATERAL,COMPOUND,STRENGTH|BALANCE|FUNCTIONAL
d53971e5-7438-4a9e-b041-0158b3142546,悬垂斜肌屈膝抬腿,Hanging Oblique Knee Raise,ABS,PULL_UP_BAR,UNWEIGHTED,BILATERAL,ISOLATION,CORE|STRENGTH|FUNCTIONAL
d56a3927-61c7-4b1f-9b49-09310388103a,坐姿斜板肱二头肌弯举,Seated Incline Biceps Curl,BICEPS,DUMBBELL|BENCH,DUMBBELL,BILATERAL,ISOLATION,STRENGTH|PULL
d59fcd68-dfec-409d-a72b-2be41be7c594,坐姿钢索水平法式推举,Seated Cable Horizontal French Press,TRICEPS,CABLE_MACHINE|BENCH,MACHINE,BILATERAL,ISOLATION,STRENGTH|PUSH
d5b46a95-9ed5-418d-b48e-cdea52e602b4,坐姿胸部蛤式,Seated Chest Clam,CHEST,,UNWEIGHTED,BILATERAL,ISOLATION,MOBILITY|STRETCH
d5f7a5ea-8fa8-48c3-aa0d-7e539dd3ac1a,箱式深蹲,Box Squat,LEGS,BARBELL|PLYO_BOX,BARBELL,BILATERAL,COMPOUND,STRENGTH|FUNCTIONAL
d60bf9ff-f74e-429c-afe1-cf5dec1b2ae6,挺举,Clean and Jerk,LEGS,BARBELL,BARBELL,BILATERAL,COMPOUND,STRENGTH|EXPLOSIVE|FUNCTIONAL
d61ba24e-4c00-4c61-9127-08db49a79c32,器械臀桥,Machine Hip Thrust,GLUTEUS,PLATE_LOADED_MACHINE,MACHINE,BILATERAL,COMPOUND,STRENGTH
d62736b5-9f97-39cd-7596-1189d05863e9,器械胸部飞鸟,Machine Chest Fly,CHEST,SELECTORIZED_MACHINE,MACHINE,BILATERAL,ISOLATION,STRENGTH|PUSH
d723ed09-c017-4ea4-8f63-90c1a00cbb6a,悬垂肩胛骨缩回,Hanging Scapular Retractions,FOREARMS,PULL_UP_BAR,BODYWEIGHT,BILATERAL,ISOLATION,MOBILITY|REHAB|WARMUP|PULL
d7984438-e687-43db-ab4b-273e8240438e,窄握地雷杠划船,Close Grip Landmine Row,BACK,LANDMINE|BARBELL,BARBELL,BILATERAL,COMPOUND,STRENGTH|PULL
d8467207-a5b3-4c53-a8e2-e798f1c47e86,背部杠杆,Back Lever,BACK,PULL_UP_BAR|GYMNASTIC_RINGS,BODYWEIGHT,BILATERAL,COMPOUND,STRENGTH|CORE|ISOMETRIC|BALANCE
d8735b83-7498-47a4-a938-98220e625f71,跳跃深蹲,Jump Squat,LEGS,,BODYWEIGHT,BILATERAL,COMPOUND,PLYOMETRIC|EXPLOSIVE|BALANCE|FUNCTIONAL
d8a5dc02-4460-4bb0-baba-2e12799b1988,全平板撑俯卧撑,Full Planche Push-Up,TRICEPS,PARALLETTES,BODYWEIGHT,BILATERAL,COMPOUND,STRENGTH|CORE|BALANCE|ISOMETRIC|PUSH
d8ad3cbb-b306-4f3d-8b67-4577038925b7,风阻自行车,Assault Air Bike,LEGS,PLATE_LOADED_MACHINE|SELECTORIZED_MACHINE,BODYWEIGHT,ALTERNATING,COMPOUND,CARDIO|FUNCTIONAL|WARMUP
d8e77fb2-ebb1-4e7c-8e93-fd397a8c290b,单臂坐姿划船,One-Arm Seated Row,BACK,PLATE_LOADED_MACHINE|SELECTORIZED_MACHINE,MACHINE,UNILATERAL,COMPOUND,STRENGTH|PULL
d919d4f3-6cb0-4e11-b70a-3788dcc0a371,绳索耸肩,Cable Shrug,BACK,CABLE_MACHINE,MACHINE,BILATERAL,ISOLATION,STRENGTH|PULL
d9710b8d-882f-450b-978a-b342dce66e90,单腿坐姿哑铃提踵,Single-Leg Seated Calf Raise with Dumbbell,LEGS,DUMBBELL|BENCH,DUMBBELL,UNILATERAL,ISOLATION,STRENGTH
d9aea411-b71e-4105-ac8d-82746432c8f0,杠铃腕屈曲,Barbell Wrist Curl,FOREARMS,BARBELL,BARBELL,BILATERAL,ISOLATION,STRENGTH
da1122db-5ae7-4a78-be7b-078f92bd5dda,西西深蹲,Sissy Squat,LEGS,,BODYWEIGHT,BILATERAL,ISOLATION,STRENGTH|BALANCE|FUNCTIONAL
dabbc3d1-7cfc-4031-8224-9836ec7725e6,反向北欧卷曲,Reverse Nordic Curl,LEGS,,BODYWEIGHT,BILATERAL,ISOLATION,STRENGTH|MOBILITY|FUNCTIONAL
dbfc5012-170f-4db0-8b14-bc44f41c4da8,上斜哑铃三头肌伸展,Incline Dumbbell Triceps Extension,TRICEPS,DUMBBELL|BENCH,DUMBBELL,BILATERAL,ISOLATION,STRENGTH|PUSH
dc62d95f-c818-41a6-b97a-b035983cd42a,侧板支撑蛤壳式,Side Plank Clamshell,GLUTEUS,,BODYWEIGHT,UNILATERAL,COMPOUND,CORE|BALANCE|ISOMETRIC
dc912b16-ab4f-4e66-abdf-a9a07234e2a9,跪姿腘绳肌拉伸,Kneeling Hamstring Stretch,LEGS,,UNWEIGHTED,UNILATERAL,ISOLATION,STRETCH|MOBILITY|WARMUP
dc9adb9a-c16a-4447-a2f3-b148be1cc50c,哑铃交替前平举,Dumbbell Alternate Front Raise,SHOULDERS,DUMBBELL,DUMBBELL,ALTERNATING,ISOLATION,STRENGTH|PUSH
dd3564b4-b057-4835-87ff-f87b619e07f5,卧推前蹲,Bench Front Squat,LEGS,BARBELL|BENCH,BARBELL,BILATERAL,COMPOUND,STRENGTH|FUNCTIONAL|PUSH
ddc441a1-c226-4a9d-8035-40a484173f38,杠铃上斜宽握划船,Barbell Incline Wide Grip Row,BACK,BARBELL|BENCH,BARBELL,BILATERAL,COMPOUND,STRENGTH|PULL
de8bc2c9-e7fc-4514-b6b5-f98f3e26cfa7,哑铃直腿硬拉,Dumbbell Deadlift Straight Legs,LEGS,DUMBBELL,DUMBBELL,BILATERAL,COMPOUND,STRENGTH
dea12dfc-58cb-482e-ad0e-3dba4c1f49f0,绳索双臂三头肌后踢,Cable Double-Arm Tricep Kickback,TRICEPS,CABLE_MACHINE,MACHINE,BILATERAL,ISOLATION,STRENGTH|PUSH
def5a3ce-9471-4cba-b1af-94cd85ff7e4c,婴儿式,Child’s Pose,GLUTEUS,,UNWEIGHTED,BILATERAL,ISOLATION,MOBILITY|STRETCH|WARMUP|REHAB|ISOMETRIC
dfa728cb-aef6-4b05-aca6-f6a4384c0a48,绳索罗马尼亚硬拉,Cable Romanian Deadlift,LEGS,CABLE_MACHINE,MACHINE,BILATERAL,COMPOUND,STRENGTH|PULL
dfc3bc3e-7669-43ae-9462-06084ccc46d0,坐姿前屈,Seated Forward Fold,LEGS,,UNWEIGHTED,BILATERAL,ISOLATION,STRETCH|MOBILITY|WARMUP
e0a530e6-e194-45dd-9d0e-e5334a6e5d32,杰斐逊弯曲,Jefferson Curl,LEGS,BARBELL,WEIGHTED,BILATERAL,COMPOUND,STRENGTH|MOBILITY|STRETCH
e0c03699-b927-4c57-933c-79020ffb2371,弹力带辅助引体向上,Band Assisted Pull Up,BACK,RESISTANCE_BAND|PULL_UP_BAR,BAND,BILATERAL,COMPOUND,STRENGTH|PULL|FUNCTIONAL
e0ef2970-5221-4b13-a4e6-b56a0af148f1,侧腿摆动,Side Leg Swings,LEGS,,UNWEIGHTED,UNILATERAL,COMPOUND,MOBILITY|WARMUP|BALANCE
e14931b5-96ce-e1ed-4604-46958f33bd85,鲍威尔提拉,Powell Raise,SHOULDERS,DUMBBELL,DUMBBELL,UNILATERAL,ISOLATION,STRENGTH|PULL
e15bca23-4fa2-4ca1-9c7f-f644e370e8c7,哑铃低位到高位飞鸟,Dumbbell Low to High Fly,CHEST,DUMBBELL,DUMBBELL,BILATERAL,ISOLATION,STRENGTH|WARMUP
e1964940-8d58-45ac-9edb-a63459417619,屈臂胸部拉伸,Bent Arm Chest Stretch,CHEST,,UNWEIGHTED,BILATERAL,ISOLATION,MOBILITY|STRETCH|WARMUP
e29321c6-7817-48a4-b1af-1cec66a5adb3,倒置耸肩,Inverted Shrug,BACK,PULL_UP_BAR,BODYWEIGHT,BILATERAL,ISOLATION,STRENGTH|PULL
e2b119ab-ec23-4688-9449-535340f3d4f9,仰卧屈臂上拉,Dumbbell Lat Pullover,BACK,DUMBBELL|BENCH,DUMBBELL,UNILATERAL,COMPOUND,STRENGTH|PULL
e2e39ddc-24bd-2a3a-c3a7-aaa34ee19367,单臂哑铃牧师凳弯举,One-Arm Dumbbell Preacher Curl,BICEPS,DUMBBELL,DUMBBELL,UNILATERAL,ISOLATION,STRENGTH|PULL
e32b37fd-0bbd-4f6d-aa80-a3351bc01ffe,跪姿俯卧撑,Knee Push-Up,CHEST,,BODYWEIGHT,BILATERAL,COMPOUND,STRENGTH|PUSH|FUNCTIONAL
e367af44-824f-4bb4-aca4-ec43ec8ce2dd,膝盖钻石俯卧撑,Knee Diamond Push-Up,TRICEPS,,BODYWEIGHT,BILATERAL,COMPOUND,STRENGTH|PUSH
e39ba212-23da-494e-b136-42060c32e7ce,从垫块上提举,Deadlift from Blocks,GLUTEUS,BARBELL|PLYO_BOX,BARBELL,BILATERAL,COMPOUND,STRENGTH|PULL
e3a29945-88d3-4cb1-83b6-955074911dc4,单臂绳索后束三角肌飞鸟,One-Arm Cable Rear Delt Fly,SHOULDERS,CABLE_MACHINE,MACHINE,UNILATERAL,ISOLATION,STRENGTH|PULL
e4022ea8-2ba8-46f2-8afb-9aa0b76bc6ef,弹力带仰卧蛤壳式,Band Lying Clamshells,GLUTEUS,RESISTANCE_BAND,BAND,UNILATERAL,ISOLATION,MOBILITY|REHAB|WARMUP
e58c666b-518c-488c-bac5-b58b6b1fbb62,斜板俯卧撑,Pike Push-Up On Bench,SHOULDERS,BENCH,BODYWEIGHT,BILATERAL,COMPOUND,STRENGTH|PUSH|BALANCE
e5ada84d-4df0-4f12-ae4c-ec5dcd51d8b8,低位高位拉力器胸部飞鸟,Low High Cable Chest Fly,CHEST,CABLE_MACHINE,MACHINE,BILATERAL,ISOLATION,STRENGTH|PUSH
e5cef725-3790-4842-aa23-8701fd26f543,后束三角肌拉伸,Rear Deltoid Stretch,SHOULDERS,,UNWEIGHTED,BILATERAL,ISOLATION,STRETCH|MOBILITY|REHAB|WARMUP
e644b489-9a5e-4824-83fb-0b448b7c6a80,骑行者深蹲,Cyclist Squat,LEGS,BARBELL,BARBELL,BILATERAL,COMPOUND,STRENGTH|FUNCTIONAL
e657a4e4-a3b5-49da-95d5-a6a41db1272c,B姿势罗马尼亚硬拉,B Stance Romanian Deadlift,LEGS,DUMBBELL,DUMBBELL,UNILATERAL,COMPOUND,STRENGTH|FUNCTIONAL
e6a23c03-6fd4-41b7-8540-dac14e681294,哑铃上斜胸部支撑侧平举,Dumbbell Incline Chest Supported Lateral Raises,BACK,DUMBBELL|BENCH,DUMBBELL,BILATERAL,ISOLATION,STRENGTH
e6e703e3-77f2-45e1-b211-3cf5aceb0d80,正面悬垂,Front Lever,BACK,PULL_UP_BAR|GYMNASTIC_RINGS,BODYWEIGHT,BILATERAL,COMPOUND,STRENGTH|CORE|ISOMETRIC
e6fa5387-c06a-4647-ae72-92357692edc6,哑铃坐姿交替锤式弯举,Dumbbell Seated Alternate Hammer Curl,BICEPS,DUMBBELL|BENCH,DUMBBELL,ALTERNATING,ISOLATION,STRENGTH|PULL
e7708c1b-2f41-4e99-b4c4-6f79f4c5fa1f,踝部触碰,Ankle Taps,ABS,,BODYWEIGHT,ALTERNATING,ISOLATION,CORE|MOBILITY|BALANCE|FUNCTIONAL
e7a9f02b-6012-4ada-bf59-16ab85ee6b6d,哑铃俯卧腿弯举,Dumbbell Lying Leg Curl,LEGS,DUMBBELL|BENCH,DUMBBELL,UNILATERAL,ISOLATION,STRENGTH
e8e7d283-5748-9f5d-7fb6-c25feb431c96,器械侧平举,Machine Lateral Raise,SHOULDERS,PLATE_LOADED_MACHINE|SELECTORIZED_MACHINE,MACHINE,BILATERAL,ISOLATION,STRENGTH
e9421df5-65a2-4fac-8dfa-bf2552e9f755,哑铃后束三角肌划船,Dumbbell Rear Delt Row,SHOULDERS,DUMBBELL|BENCH,DUMBBELL,UNILATERAL,COMPOUND,STRENGTH|PULL
e9c8793b-9ae2-4428-a9af-24ce91ce8c99,跑步机跑步,Treadmill Run,LEGS,TREADMILL,BODYWEIGHT,ALTERNATING,COMPOUND,CARDIO|WARMUP
e9cd8dfe-d2be-42be-b259-d1d3fc671aa9,悬垂屈膝抬腿,Hanging Knee Raises,ABS,PULL_UP_BAR,BODYWEIGHT,BILATERAL,ISOLATION,CORE|STRENGTH
eafc5a02-9cd9-4494-aca9-247ca14f87ee,台阶相扑深蹲,Sumo Squat off Stepbox,LEGS,PLYO_BOX,WEIGHTED,BILATERAL,COMPOUND,STRENGTH|BALANCE|FUNCTIONAL
eb35e6eb-4b33-4d2f-a100-99079c086284,指尖俯卧撑,Finger Push-Up,CHEST,,BODYWEIGHT,BILATERAL,COMPOUND,STRENGTH|BALANCE|PUSH
eb59667f-202d-49ce-a517-34c0ecbc69d4,哑铃弓步,Dumbbell Lunges,LEGS,DUMBBELL,DUMBBELL,ALTERNATING,COMPOUND,STRENGTH|BALANCE|FUNCTIONAL
eb8b2096-f9f0-4154-973b-35d9737d50da,哑铃上斜后侧平举,Dumbbell Incline Rear Lateral T Raise,SHOULDERS,DUMBBELL|BENCH,DUMBBELL,BILATERAL,ISOLATION,STRENGTH|PULL
eccb443f-5efd-46ae-b522-a4b8a4066ce2,史密斯罗马尼亚硬拉,Smith Romanian Deadlift,LEGS,SMITH_MACHINE,MACHINE,BILATERAL,COMPOUND,STRENGTH|PULL
ecd73905-fd43-458c-bc6e-288a83dafbb9,坐姿早安式,Seated Good Morning,GLUTEUS,BARBELL|BENCH,BARBELL,BILATERAL,COMPOUND,STRENGTH|MOBILITY|CORE
ed078081-f64f-41e6-b31d-230e8d75cf43,下斜哑铃飞鸟,Decline Dumbbell Fly,CHEST,DUMBBELL|BENCH,DUMBBELL,BILATERAL,ISOLATION,STRENGTH|PUSH
ed5e6c95-151e-46e2-9fbe-59ab50294ee3,鸟狗式,Bird Dog,GLUTEUS,,BODYWEIGHT,ALTERNATING,COMPOUND,CORE|BALANCE|FUNCTIONAL|WARMUP
ed6f4b1d-e657-4a9d-993c-d06254b600e0,单臂半跪姿绳索背阔肌下拉,One-Arm Cable Half-Kneeling Lat Pulldown,BACK,CABLE_MACHINE,MACHINE,UNILATERAL,COMPOUND,STRENGTH|PULL|FUNCTIONAL
ed99f5c6-76b9-4d8b-9b29-e7e0ae3a6eb8,弓步,Lunges,LEGS,,UNWEIGHTED,ALTERNATING,COMPOUND,STRENGTH|BALANCE|FUNCTIONAL
eda6e2d1-4c13-43c3-b97c-bc22f5db2687,握力器,Hand Gripper,FOREARMS,,MACHINE,BILATERAL,ISOLATION,STRENGTH
edae8b8e-efd3-4b72-b7c2-000604d3319c,弹力带三头肌下压,Band Triceps Pushdown,TRICEPS,RESISTANCE_BAND,BAND,BILATERAL,ISOLATION,STRENGTH|PUSH
eec04e96-7634-4586-8a5b-c5f333bdac6a,单臂杠杆高位划船,One-Arm Lever High Row,BACK,SELECTORIZED_MACHINE,MACHINE,UNILATERAL,COMPOUND,STRENGTH|PULL
ef115bce-70a8-4db5-b917-3e9fc3a89d5c,坐姿下压训练机,Seated Dip Machine,TRICEPS,SELECTORIZED_MACHINE,MACHINE,BILATERAL,COMPOUND,STRENGTH|PUSH
ef258e02-3b95-4569-9993-b34fabd06cd0,史密斯机肩推,Smith Shoulder Press,SHOULDERS,SMITH_MACHINE,MACHINE,BILATERAL,COMPOUND,STRENGTH|PUSH
ef7a226a-8ebe-4ed3-b712-33a548503195,跪姿绳索腹部卷曲,Kneeling Cable Abs Crunches,ABS,CABLE_MACHINE,MACHINE,BILATERAL,ISOLATION,STRENGTH|CORE
efa13a07-2158-4db6-9ebc-6e852ffa2aef,史密斯机上斜卧推,Smith Incline Chest Press,CHEST,SMITH_MACHINE|BENCH,MACHINE,BILATERAL,COMPOUND,STRENGTH|PUSH
efda77ce-3d93-4efb-a581-cb8f7bc0df95,下斜仰卧起坐,Decline Crunch,ABS,BENCH,BODYWEIGHT,BILATERAL,ISOLATION,CORE
effc2800-2625-404d-8a56-3c42c67fa439,壶铃风车式,Kettlebell Windmill,SHOULDERS,KETTLEBELL,WEIGHTED,UNILATERAL,COMPOUND,STRENGTH|MOBILITY|CORE|BALANCE|FUNCTIONAL|STRETCH
f0cc1e0a-c5a6-472c-bf62-6ac5056d34a3,杠铃靠墙弯举,Barbell Wall Curl,BICEPS,BARBELL,BARBELL,BILATERAL,ISOLATION,STRENGTH|PULL
f138fba6-caa5-4541-b9fc-6b10b724d2d1,绳索台阶上升,Cable Step Up,LEGS,CABLE_MACHINE|BENCH,MACHINE,UNILATERAL,COMPOUND,STRENGTH|BALANCE|FUNCTIONAL
f1afe248-38b7-4489-8991-4d0acc5f4cd2,滚动小腿肌肉,Roll Calves,LEGS,PLATE_LOADED_MACHINE|SELECTORIZED_MACHINE,UNWEIGHTED,BILATERAL,ISOLATION,MOBILITY|STRETCH|REHAB
f26239fc-4bed-4f4f-a788-0e08235259a7,绳索Y字提拉,Cable Y Raise,SHOULDERS,CABLE_MACHINE,MACHINE,BILATERAL,ISOLATION,STRENGTH|FUNCTIONAL
f29a4a3f-4309-4159-9ef1-369beea0eec2,海啸式过顶推举,Tsunami Overhead Press,SHOULDERS,BARBELL,BARBELL,BILATERAL,COMPOUND,STRENGTH|PUSH
f3410c98-ed27-4d72-a198-651f70330c20,单臂哑铃反向腕弯举,One-Arm Dumbbell Reverse Wrist Curl,FOREARMS,DUMBBELL,DUMBBELL,UNILATERAL,ISOLATION,STRENGTH
f3bb1cb2-a42a-bb35-4e66-d7389eec88c1,绳索锤式弯举,Rope Cable Hammer Curl,BICEPS,CABLE_MACHINE,MACHINE,BILATERAL,ISOLATION,STRENGTH|PULL
f43ad48c-6c21-4ab2-aa49-ee500c62355c,上斜俯卧撑,Incline Push-Up,CHEST,BENCH|PLYO_BOX,BODYWEIGHT,BILATERAL,COMPOUND,STRENGTH|PUSH|FUNCTIONAL|WARMUP
f4528ef0-35e7-49de-a5b0-d1c2d03d97b3,哑铃硬拉,Dumbbell Deadlift,LEGS,DUMBBELL,DUMBBELL,BILATERAL,COMPOUND,STRENGTH|FUNCTIONAL
f46bcb1e-3eff-49d3-adee-000a1502fd8d,杠铃后侧三角肌提拉,Barbell Rear Delt Raise,SHOULDERS,BARBELL,BARBELL,BILATERAL,ISOLATION,STRENGTH|PULL
f4a9afdd-ffc5-4eeb-ab69-81b8485e5282,器械牧师弯举,Machine Preacher Curl,BICEPS,SELECTORIZED_MACHINE,MACHINE,BILATERAL,ISOLATION,STRENGTH|PULL
f509cfcd-6baf-4b6e-8210-1bf2b574efa5,单腿伸展,Single-Leg Extension,LEGS,PLATE_LOADED_MACHINE|SELECTORIZED_MACHINE,MACHINE,UNILATERAL,ISOLATION,STRENGTH
f50fa620-42a2-4306-9289-3e801068e662,绳索卧推,Cable Bench Press,CHEST,CABLE_MACHINE|BENCH,MACHINE,BILATERAL,COMPOUND,STRENGTH|PUSH
f511d489-bd64-4a83-8713-8445d53b1d8e,负重俯卧撑,Weighted Push-Up,CHEST,WEIGHT_PLATE,BODYWEIGHT,BILATERAL,COMPOUND,STRENGTH|PUSH
f5269fe9-4c03-44b9-a57c-25649650d382,鸟狗平板支撑,Bird Dog Plank,SHOULDERS,,BODYWEIGHT,ALTERNATING,COMPOUND,CORE|BALANCE|FUNCTIONAL
f52c9de8-8b5e-f4d0-efe9-27b858230898,仰卧哑铃飞鸟,Dumbbell Chest Fly,CHEST,DUMBBELL|BENCH,DUMBBELL,BILATERAL,ISOLATION,STRENGTH|PUSH
f549f56b-96d5-4eee-807b-427a437809df,哑铃臀桥,Dumbbell Hip Thrust,GLUTEUS,DUMBBELL|BENCH,DUMBBELL,BILATERAL,COMPOUND,STRENGTH|FUNCTIONAL
f6468090-67cf-4fdc-ab45-49b41b28037b,仰卧婴儿式,Happy Baby Pose,LEGS,,UNWEIGHTED,BILATERAL,ISOLATION,MOBILITY|STRETCH|REHAB|WARMUP
f6793159-6429-4e35-9b22-13b428ebd903,单臂下压绳索训练,One-Arm Cable Pushdown,TRICEPS,CABLE_MACHINE,MACHINE,UNILATERAL,ISOLATION,STRENGTH|PUSH
f6a2b92e-ea1f-4671-91a9-7e4313451e61,绳索牧师凳弯举,Cable Preacher Curl,BICEPS,CABLE_MACHINE|BENCH,MACHINE,BILATERAL,ISOLATION,STRENGTH|PULL
f6b447b8-ddb6-a278-8b64-aa5ea715ef82,坐姿杠铃肩推,Seated Barbell Shoulder Press,SHOULDERS,BARBELL|BENCH,BARBELL,BILATERAL,COMPOUND,STRENGTH|PUSH
f840c38e-9b55-493d-9350-eab5a6d67483,坐姿杠铃扭转,Seated Barbell Twist,ABS,BARBELL|BENCH,BODYWEIGHT,BILATERAL,ISOLATION,CORE|FUNCTIONAL|MOBILITY
f8415c81-7b41-4102-9a98-5fadaabded3d,吊环腿弯曲,Ring Leg Curl,LEGS,GYMNASTIC_RINGS,BODYWEIGHT,BILATERAL,ISOLATION,STRENGTH|FUNCTIONAL
f8ac9f43-116f-79ca-778a-76137bfe61da,单臂过头三头肌伸展,One-Arm Overhead Triceps Extension,TRICEPS,DUMBBELL,DUMBBELL,UNILATERAL,ISOLATION,STRENGTH|PUSH
f8bff329-d28e-4a8a-b495-184fe80c7368,船长椅屈膝抬腿,Captains Chair Knee Raises,ABS,DIP_BARS,BODYWEIGHT,BILATERAL,ISOLATION,CORE
f904b1f5-72a6-4f15-a37e-abba285cc604,负重引体向上,Negative Pull-Up,BACK,PULL_UP_BAR,BODYWEIGHT,BILATERAL,COMPOUND,STRENGTH|PULL
f9ac9620-8a9e-46e4-bab1-64d7412a868e,绳索终末膝关节伸展,Cable Terminal Knee Extension,LEGS,CABLE_MACHINE,MACHINE,UNILATERAL,ISOLATION,REHAB|MOBILITY
fa39a858-968d-4c38-ac0b-19c958c9dce6,单腿史密斯机提踵,Single Leg Smith Calf Raise,LEGS,SMITH_MACHINE,MACHINE,UNILATERAL,ISOLATION,STRENGTH
fa5a7a63-5bd3-4032-9116-acffb083597c,站姿绳索腕部卷动,Cable Standing Wrist Roll,FOREARMS,CABLE_MACHINE,MACHINE,BILATERAL,ISOLATION,STRENGTH
fa63a3e9-9bb3-41be-89d3-f37d22d9eebf,蝴蝶前倾伸展,Butterfly Lean Forward Stretch,LEGS,,UNWEIGHTED,BILATERAL,ISOLATION,STRETCH|MOBILITY|WARMUP
fb42b833-a9f4-4a13-8e57-78a95dc184c8,跑步,Running,LEGS,TREADMILL,BODYWEIGHT,ALTERNATING,COMPOUND,CARDIO|MOTOR|FUNCTIONAL|WARMUP
fbf45029-6a73-423f-b6df-c6d494f8c2a9,反手俯卧撑,Reverse Hand Push-Up,TRICEPS,,BODYWEIGHT,BILATERAL,COMPOUND,STRENGTH|PUSH
fc6c96c9-4445-409c-afd9-f6d42d832492,墙天使,Wall Angel,SHOULDERS,,BODYWEIGHT,BILATERAL,ISOLATION,MOBILITY|STRETCH|REHAB|WARMUP
fc730971-57d7-458f-bc9a-6217c728fd83,波利昆飞鸟,Poliquin Flyes,CHEST,DUMBBELL|BENCH,DUMBBELL,BILATERAL,ISOLATION,STRENGTH|PUSH|STRETCH
fcaeb74b-a51b-4a0d-bf7d-f1e057539698,哑铃深度俯卧撑,Dumbbell Deep Push Up,CHEST,DUMBBELL,BODYWEIGHT,BILATERAL,COMPOUND,STRENGTH|PUSH
fcbd7cf4-0be9-4c9f-8f10-fcb81de7a316,倒立静止,Handstand Hold,SHOULDERS,,BODYWEIGHT,BILATERAL,COMPOUND,STRENGTH|BALANCE|ISOMETRIC|FUNCTIONAL|CORE
fcbf09e6-539f-4390-8434-d15d982d55d6,史密斯器械俯身划船,Smith Bent Over Row,BACK,SMITH_MACHINE,MACHINE,BILATERAL,COMPOUND,STRENGTH|PULL
fd0bc7ef-9983-4afc-b2c9-e1f9e273f566,单腿臀桥,Glute Bridge Single Leg,GLUTEUS,,BODYWEIGHT,UNILATERAL,COMPOUND,STRENGTH|BALANCE|FUNCTIONAL
fd6bf4b3-3d1e-4036-b4c0-e6fded490b43,杠铃过头深蹲,Barbell Overhead Squat,LEGS,BARBELL,BARBELL,BILATERAL,COMPOUND,STRENGTH|MOBILITY|BALANCE|FUNCTIONAL|CORE
fe01e50a-b97c-4bb7-87f2-bed05cfa2445,肱三头肌下压,Rope Triceps Pushdown,TRICEPS,CABLE_MACHINE,MACHINE,BILATERAL,ISOLATION,STRENGTH|PUSH
fe62e8fc-5b16-4bab-bf08-f1e70b550bee,弹力带深蹲,Band Squat,LEGS,RESISTANCE_BAND,BAND,BILATERAL,COMPOUND,STRENGTH|MOBILITY|FUNCTIONAL|WARMUP
fedc49a5-593a-47fb-86db-7efdc8e6a7fe,交替肱二头肌弯举,Alternate Biceps Curl,BICEPS,DUMBBELL,DUMBBELL,ALTERNATING,ISOLATION,STRENGTH|PULL
fefbedf9-85f3-e418-eeae-4654e6cfbbfd,上斜卧推绳索飞鸟,Incline Bench Cable Fly,CHEST,CABLE_MACHINE|BENCH,MACHINE,BILATERAL,ISOLATION,STRENGTH|PUSH
ff199fca-86ee-4407-a40b-bee06b8a8086,俯身双臂哑铃划船,Double Dumbbell Bent Over Row,BACK,DUMBBELL,DUMBBELL,BILATERAL,COMPOUND,STRENGTH|PULL
ff743dcc-509e-48dd-bacd-694771441e27,杠铃保加利亚深蹲,Barbell Bulgarian Squat,LEGS,BARBELL|BENCH,BARBELL,UNILATERAL,COMPOUND,STRENGTH|BALANCE|FUNCTIONAL